call-single	estimated	0x1.d7129e17e3091p+2	backward-Euler-policy-v1:steps=15872:rows=50740818:map=18:roundoff=0x1.0a98998f0082ep-31
call-multiple	estimated	0x1.b12a2aef70c4ap+2	backward-Euler-policy-v1:steps=23808:rows=74550422:map=36:roundoff=0x1.0a95e4d693c5bp-31
call-large	estimated	0x1.8d9027dc3583ep-4	backward-Euler-policy-v1:steps=15872:rows=52074911:map=18:roundoff=0x1.0a90aa9712c1dp-33
call-zero-dividend	estimated	0x1.272eae35a99cp+3	backward-Euler-policy-v1:steps=15872:rows=49874771:map=18:roundoff=0x1.0a9ab077be136p-31
call-negative-rates	estimated	0x1.b9921eeab6807p+2	backward-Euler-policy-v1:steps=15872:rows=47445340:map=18:roundoff=0x1.0ff695841003p-31
call-coincident	estimated	0x1.a4c21f366592ap+2	backward-Euler-policy-v1:steps=15872:rows=50812282:map=18:roundoff=0x1.0a96310e20e3cp-31
call-delayed-after	estimated	0x1.b120c6346b17bp+2	backward-Euler-policy-v1:steps=15872:rows=49387305:map=18:roundoff=0x1.0a980aa6b5b2ap-31
call-expiry-before	estimated	0x1.2725baddcd9d3p+3	backward-Euler-policy-v1:steps=7936:rows=24153942:map=0:roundoff=0x1.04766d432cd7dp-30
call-expiry-after	estimated	0x1.4bf2cd169e754p+2	backward-Euler-policy-v1:steps=7936:rows=24341206:map=18:roundoff=0x1.04738623cffebp-30
put-single	estimated	0x1.24c06aaad77e6p+3	backward-Euler-policy-v1:steps=15872:rows=48419384:map=18:roundoff=0x1.064fe8821c3bfp-35
put-multiple	estimated	0x1.439c476a6a015p+3	backward-Euler-policy-v1:steps=23808:rows=71500361:map=36:roundoff=0x1.06030a889aab7p-35
put-large	estimated	0x1.861fcaf8e21p+4	backward-Euler-policy-v1:steps=15872:rows=49236369:map=18:roundoff=0x1.05ba2e8aefaa3p-37
put-zero-dividend	estimated	0x1.aa141ebd45d28p+2	backward-Euler-policy-v1:steps=15872:rows=48589282:map=18:roundoff=0x1.065678644dd1p-35
put-negative-rates	estimated	0x1.4a9d0b24bec3p+3	backward-Euler-policy-v1:steps=15872:rows=49029788:map=18:roundoff=0x1.08c981196a068p-35
put-coincident	estimated	0x1.b153f2a6e2a57p+3	backward-Euler-policy-v1:steps=15872:rows=48419325:map=18:roundoff=0x1.0646b8e993befp-35
put-delayed-after	estimated	0x1.24c06aaad77e6p+3	backward-Euler-policy-v1:steps=15872:rows=48410330:map=18:roundoff=0x1.064fe8821c3bfp-35
put-expiry-before	estimated	0x1.94e76b8605f17p+2	backward-Euler-policy-v1:steps=7936:rows=24153942:map=0:roundoff=0x1.01aef85de73eap-34
put-expiry-after	estimated	0x1.79ac490a3487ap+3	backward-Euler-policy-v1:steps=7936:rows=24341206:map=18:roundoff=0x1.01aef85de73eap-34
valuation-before	estimated	0x1.4e4c9ac8e7714p+3	backward-Euler-policy-v1:steps=7936:rows=24695045:map=18:roundoff=0x1.1194f2d060a9p-30
valuation-after	estimated	0x1.4e4e08534aaccp+3	backward-Euler-policy-v1:steps=7936:rows=24153942:map=0:roundoff=0x1.048b73a0c70f6p-30
call-zero-time-both	estimated	0x1.4p+2	cash-deterministic-stopping:steps=0:rows=6:map=0:roundoff=0x0p+0
call-zero-time-after-only	estimated	0x0p+0	cash-deterministic-stopping:steps=0:rows=5:map=0:roundoff=0x0p+0
put-zero-time-both	estimated	0x1.4p+2	cash-deterministic-stopping:steps=0:rows=6:map=0:roundoff=0x0p+0
put-zero-time-after-only	estimated	0x1.4p+2	cash-deterministic-stopping:steps=0:rows=5:map=0:roundoff=0x0p+0
deterministic-joint	estimated	0x1.4p+3	cash-deterministic-stopping:steps=0:rows=11:map=0:roundoff=0x0p+0
deterministic-interior	estimated	0x1.b8b3e18ad8479p+4	cash-deterministic-stopping:steps=0:rows=11:map=0:roundoff=0x1.c151b51f0ffabp-50
deterministic-rounded-sum	estimated	0x1.3333333333334p-2	cash-deterministic-stopping:steps=0:rows=11:map=0:roundoff=0x1p-55
zero-stock-negative-rate	estimated	0x1.00ce19f10d531p+7	absorbing-stock:steps=0:rows=1:map=0:roundoff=0x1.92161cd58af33p-54
zero-strike-put	estimated	0x0p+0	zero-strike:steps=0:rows=1:map=0:roundoff=0x0p+0
unrepresentable-joint	unavailable	-	arithmetic:nonfinite enclosure arithmetic
