call-80	estimated	0x1.871f6df903519p+0	backward-Euler-policy-v1:steps=1472:policies=1676:rows=1409320:roundoff=0x1.11bd2b8ac90eep-32:grid=193:upper=0x1.9p+10:time=128:domains=2:switched=0
call-100	unavailable	-	accuracy:space=0x1.46e88b860f6ep-2,0x1.27b9a8add6ep-4:time=0x1.1fde4f8ecc8p-6,0x1.204ed7d1914p-7:domain=0x1.93134p-31,0x0p+0:spread=0x0p+0
call-120	unavailable	-	accuracy:space=0x1.3514ad8b783p-3,0x1.4b4f86a4e9cp-5:time=0x1.9a11289d65p-8,0x1.a0ec601496p-9:domain=0x1.38p-43,0x0p+0:spread=0x0p+0
call-short	unavailable	-	arithmetic:matching European lower bound beyond refinement diagnostics
call-long-high-vol	unavailable	-	nonconvergence:385:123:0x1.326112814d9c2p+6
call-zero-rate-yield	estimated	0x1.fdcbdb70c3308p+2	European-reduction:steps=0:policies=0:rows=0:roundoff=0x1.7895068b7fce1p-55:grid=0:upper=0x0p+0:time=0:domains=0:switched=0
call-negative-rate	unavailable	-	accuracy:space=0x1.9ba933439a25p-2,0x1.59d6b75a1c3cp-4:time=0x1.2718a41c062p-6,0x1.2afc06db25cp-7:domain=0x0p+0,0x0p+0:spread=0x0p+0
call-negative-yield	unavailable	-	accuracy:space=0x1.647e9cab9b4ap-2,0x1.4207c28e57f8p-4:time=0x1.b68166d52b8p-7,0x1.b6d7a131e2p-8:domain=0x1.c65294p-27,0x0p+0:spread=0x0p+0
call-low-vol	estimated	0x1.74949a566fb3p+1	backward-Euler-policy-v1:steps=1472:policies=1499:rows=1207722:roundoff=0x1.9ed6d24b60286p-36:grid=185:upper=0x1.9p+10:time=128:domains=2:switched=1934
call-delayed	unavailable	-	accuracy:space=0x1.460e2ca477d4p-2,0x1.2737ee3cf21p-4:time=0x1.204ed7d49c4p-7,0x1.208664e54c8p-8:domain=0x1.6668p-32,0x0p+0:spread=0x0p+0
call-expiry	estimated	0x1.4p+2	expiry:steps=0:policies=0:rows=0:roundoff=0x0p+0:grid=0:upper=0x0p+0:time=0:domains=0:switched=0
call-zero-spot	estimated	0x0p+0	absorbing-stock:steps=0:policies=0:rows=0:roundoff=0x0p+0:grid=0:upper=0x0p+0:time=0:domains=0:switched=0
call-zero-strike	estimated	0x1.c54266cede01p+6	zero-strike:steps=0:policies=0:rows=0:roundoff=0x1.194cbcd360c51p-48:grid=0:upper=0x0p+0:time=0:domains=0:switched=0
call-zero-scale	estimated	0x0p+0	absorbing-stock:steps=0:policies=0:rows=0:roundoff=0x0p+0:grid=0:upper=0x0p+0:time=0:domains=0:switched=0
put-80	estimated	0x1.40eddc66e04a4p+4	backward-Euler-policy-v1:steps=1472:policies=1572:rows=1330006:roundoff=0x1.065193f635ec3p-36:grid=193:upper=0x1.9p+10:time=128:domains=2:switched=0
put-100	unavailable	-	accuracy:space=0x1.6caae770d53cp-2,0x1.3bebc85913ccp-4:time=0x1.4ecbb85c148p-6,0x1.54ddb16b33ap-7:domain=0x1.575bep-29,0x0p+0:spread=0x0p+0
put-120	unavailable	-	accuracy:space=0x1.49dc810478448p-3,0x1.5fa19ec610c6p-5:time=0x1.659b6d0641bp-8,0x1.825274ddf9ep-9:domain=0x1.61fb84p-29,0x0p+0:spread=0x0p+0
put-short	unavailable	-	arithmetic:matching European lower bound beyond refinement diagnostics
put-long-high-vol	unavailable	-	accuracy:space=0x1.977209abdccp-3,0x1.333f02eb97p-4:time=0x1.34a63d0b5a2p-3,0x1.31c2cfedbccp-4:domain=0x1.66421caaeb58p+0,0x1.45a8fb2b44p-7:spread=0x1.3e602705daa7p+1
put-zero-rate-yield	unavailable	-	accuracy:space=0x1.4ea2eecfbf41p-2,0x1.2eb870a3c99cp-4:time=0x1.02486be3a12p-6,0x1.02a49c18c7p-7:domain=0x1.feb4ap-31,0x0p+0:spread=0x0p+0
put-negative-rate	unavailable	-	accuracy:space=0x1.67d6aa253328p-2,0x1.45444c09651p-4:time=0x1.6e0aee74a4cp-7,0x1.6e6fe170a7p-8:domain=0x1.524ep-34,0x0p+0:spread=0x0p+0
put-negative-yield	unavailable	-	accuracy:space=0x1.255fc4897c6p-2,0x1.7e55f26de408p-4:time=0x1.11fd4b5fdd8p-6,0x1.17863a7eabcp-7:domain=0x1.cbb86cp-27,0x0p+0:spread=0x0p+0
put-low-vol	estimated	0x1.97e91e983a8b4p-6	backward-Euler-policy-v1:steps=1472:policies=1472:rows=1186904:roundoff=0x1.83d489eb851ecp-40:grid=185:upper=0x1.9p+10:time=128:domains=2:switched=1934
put-delayed	unavailable	-	accuracy:space=0x1.6d2d955603ffp-2,0x1.4a2f56c6edd8p-4:time=0x1.71505f2a8fcp-7,0x1.77733ff04bcp-8:domain=0x1.5315ap-30,0x0p+0:spread=0x0p+0
put-expiry	estimated	0x0p+0	expiry:steps=0:policies=0:rows=0:roundoff=0x0p+0:grid=0:upper=0x0p+0:time=0:domains=0:switched=0
put-zero-spot	estimated	0x1.00ce19f10d531p+7	absorbing-stock:steps=0:policies=0:rows=0:roundoff=0x1.92161cd58af33p-54:grid=0:upper=0x0p+0:time=0:domains=0:switched=0
put-zero-strike	estimated	0x0p+0	zero-strike:steps=0:policies=0:rows=0:roundoff=0x0p+0:grid=0:upper=0x0p+0:time=0:domains=0:switched=0
put-zero-scale	estimated	0x0p+0	absorbing-stock:steps=0:policies=0:rows=0:roundoff=0x0p+0:grid=0:upper=0x0p+0:time=0:domains=0:switched=0
call-no-early	estimated	0x1.4e6b2e3d54dc2p+3	European-reduction:steps=0:policies=0:rows=0:roundoff=0x1.f511bbf93eb4cp-51:grid=0:upper=0x0p+0:time=0:domains=0:switched=0
call-dividend-yield	estimated	0x1.4p+4	backward-Euler-policy-v1:steps=1472:policies=1607:rows=1357079:roundoff=0x1.46d344c3c5c9ep-32:grid=193:upper=0x1.ep+10:time=128:domains=2:switched=28
put-deep-exercise	estimated	0x1.9p+5	backward-Euler-policy-v1:steps=1472:policies=1540:rows=1239850:roundoff=0x1.065193f635ec3p-36:grid=185:upper=0x1.9p+10:time=128:domains=2:switched=0
negative-boundaries-60	estimated	0x1.4p+5	backward-Euler-policy-v1:steps=1472:policies=1506:rows=1369692:roundoff=0x1.0c8d8af7f03d1p-38:grid=205:upper=0x1.9p+10:time=128:domains=2:switched=40
negative-boundaries-90	estimated	0x1.4p+3	backward-Euler-policy-v1:steps=1472:policies=1550:rows=1407380:roundoff=0x1.0c8d8af7f03d1p-38:grid=205:upper=0x1.9p+10:time=128:domains=2:switched=42
negative-boundaries-100	unavailable	-	accuracy:space=0x1.cc599d5d489cp-1,0x1.b9a1a758223bp-3:time=0x1.1429f30256dp-7,0x1.18227cff88ap-8:domain=0x0p+0,0x0p+0:spread=0x0p+0
negative-boundaries-140	estimated	0x1.e67e521073c5ep-14	backward-Euler-policy-v1:steps=1472:policies=1528:rows=1356219:roundoff=0x1.0c8d8af7f03d1p-38:grid=201:upper=0x1.18p+11:time=128:domains=2:switched=42
probability-stress	estimated	0x1.7db50c2806cf6p-25	backward-Euler-policy-v1:steps=1472:policies=1472:rows=1186904:roundoff=0x1.848100000299cp-40:grid=185:upper=0x1.9p+10:time=128:domains=2:switched=1934
deterministic-interior	estimated	0x1.bc71c71c71c72p+4	deterministic-stopping:steps=0:policies=0:rows=0:roundoff=0x1.c71c71c71ea63p-51:grid=0:upper=0x0p+0:time=0:domains=0:switched=0
deterministic-negative-call	estimated	0x1.4p+3	deterministic-stopping:steps=0:policies=0:rows=0:roundoff=0x0p+0:grid=0:upper=0x0p+0:time=0:domains=0:switched=0
deterministic-put	estimated	0x1.4p+3	deterministic-stopping:steps=0:policies=0:rows=0:roundoff=0x1.81b60d9da48d4p-55:grid=0:upper=0x0p+0:time=0:domains=0:switched=0
put-scaled--20	unavailable	-	accuracy:space=0x1.6caae770d53cp-22,0x1.3bebc85913ccp-24:time=0x1.4ecbb85c148p-26,0x1.54ddb16b33ap-27:domain=0x1.575bep-49,0x0p+0:spread=0x0p+0
put-scaled-20	unavailable	-	accuracy:space=0x1.6caae770d53cp+18,0x1.3bebc85913ccp+16:time=0x1.4ecbb85c148p+14,0x1.54ddb16b33ap+13:domain=0x1.575bep-9,0x0p+0:spread=0x0p+0
