call-80	estimated	0x1.87c90a97f5b4ep+0	backward-Euler-policy-v1:steps=11776:policies=12454:rows=34314369:roundoff=0x1.0a9ab077be136p-31:grid=609:upper=0x1.9p+10:time=1024:domains=2:switched=0
call-100	estimated	0x1.272eae35a99cp+3	backward-Euler-policy-v1:steps=11776:policies=12454:rows=33829538:roundoff=0x1.0a9ab077be136p-31:grid=601:upper=0x1.9p+10:time=1024:domains=2:switched=0
call-120	estimated	0x1.80f5066d6a7cfp+4	backward-Euler-policy-v1:steps=11776:policies=12433:rows=34264691:roundoff=0x1.3ffcf12c73caep-31:grid=609:upper=0x1.ep+10:time=1024:domains=2:switched=0
call-short	estimated	0x1.9066717a1026dp-2	backward-Euler-policy-v1:steps=11776:policies=11823:rows=32171774:roundoff=0x1.9c9a801c6369p-36:grid=601:upper=0x1.9p+10:time=1024:domains=2:switched=0
call-long-high-vol	unavailable	-	nonconvergence:1025:479:0x1.6f034f71930c9p+11
call-zero-rate-yield	estimated	0x1.fdcbdb70c3308p+2	European-reduction:steps=0:policies=0:rows=0:roundoff=0x1.7895068b7fce1p-55:grid=0:upper=0x0p+0:time=0:domains=0:switched=0
call-negative-rate	estimated	0x1.6a982a95e2de5p+2	backward-Euler-policy-v1:steps=11776:policies=12300:rows=33421933:roundoff=0x1.0a7c1eb85ff84p-31:grid=601:upper=0x1.9p+10:time=1024:domains=2:switched=14
call-negative-yield	estimated	0x1.8f1b547c7d403p+3	backward-Euler-policy-v1:steps=11776:policies=11776:rows=32041759:roundoff=0x1.12bce7f35ee0cp-31:grid=601:upper=0x1.9p+10:time=1024:domains=2:switched=14
call-low-vol	estimated	0x1.734b7e7271341p+1	backward-Euler-policy-v1:steps=11776:policies=11855:rows=32251985:roundoff=0x1.99a36f6354d84p-36:grid=601:upper=0x1.9p+10:time=1024:domains=2:switched=6622
call-delayed	estimated	0x1.273327f3c6639p+3	backward-Euler-policy-v1:steps=23552:policies=24099:rows=64981803:roundoff=0x1.16e0c593edec3p-32:grid=601:upper=0x1.9p+10:time=1024:domains=2:switched=0
call-expiry	estimated	0x1.4p+2	expiry:steps=0:policies=0:rows=0:roundoff=0x0p+0:grid=0:upper=0x0p+0:time=0:domains=0:switched=0
call-zero-spot	estimated	0x0p+0	absorbing-stock:steps=0:policies=0:rows=0:roundoff=0x0p+0:grid=0:upper=0x0p+0:time=0:domains=0:switched=0
call-zero-strike	estimated	0x1.c54266cede01p+6	zero-strike:steps=0:policies=0:rows=0:roundoff=0x1.194cbcd360c51p-48:grid=0:upper=0x0p+0:time=0:domains=0:switched=0
call-zero-scale	estimated	0x0p+0	absorbing-stock:steps=0:policies=0:rows=0:roundoff=0x0p+0:grid=0:upper=0x0p+0:time=0:domains=0:switched=0
put-80	estimated	0x1.410902543fd75p+4	backward-Euler-policy-v1:steps=11776:policies=12170:rows=33563540:roundoff=0x1.065678644dd1p-35:grid=609:upper=0x1.9p+10:time=1024:domains=2:switched=0
put-100	estimated	0x1.aa141ebd45d28p+2	backward-Euler-policy-v1:steps=11776:policies=12084:rows=32862295:roundoff=0x1.065678644dd1p-35:grid=601:upper=0x1.9p+10:time=1024:domains=2:switched=0
put-120	estimated	0x1.9c0bd2c190e7fp+0	backward-Euler-policy-v1:steps=11776:policies=12044:rows=33224675:roundoff=0x1.065678644dd1p-35:grid=609:upper=0x1.ep+10:time=1024:domains=2:switched=0
put-short	estimated	0x1.880e20d4cb4c3p-2	backward-Euler-policy-v1:steps=11776:policies=11780:rows=32053735:roundoff=0x1.8ce00927d27d2p-40:grid=601:upper=0x1.9p+10:time=1024:domains=2:switched=0
put-long-high-vol	unavailable	-	nonconvergence:1:96:0x1.bfbeaf76d6a5p-2
put-zero-rate-yield	unavailable	-	nonconvergence:8193:118:0x1.fb17cb7a2bp-14
put-negative-rate	estimated	0x1.84306da8183afp+3	backward-Euler-policy-v1:steps=11776:policies=11776:rows=32041759:roundoff=0x1.125385696a376p-35:grid=601:upper=0x1.9p+10:time=1024:domains=2:switched=14
put-negative-yield	estimated	0x1.5635797f0a262p+2	backward-Euler-policy-v1:steps=11776:policies=11990:rows=32616909:roundoff=0x1.06e4c8d979022p-35:grid=601:upper=0x1.9p+10:time=1024:domains=2:switched=14
put-low-vol	estimated	0x1.3849a8a4dae0dp-5	backward-Euler-policy-v1:steps=11776:policies=11776:rows=32041759:roundoff=0x1.8ceae5451eb85p-40:grid=601:upper=0x1.9p+10:time=1024:domains=2:switched=6622
put-delayed	estimated	0x1.a8053ed1aa4fep+2	backward-Euler-policy-v1:steps=23552:policies=23814:rows=64213493:roundoff=0x1.0fa45ab1d2674p-36:grid=601:upper=0x1.9p+10:time=1024:domains=2:switched=0
put-expiry	estimated	0x0p+0	expiry:steps=0:policies=0:rows=0:roundoff=0x0p+0:grid=0:upper=0x0p+0:time=0:domains=0:switched=0
put-zero-spot	estimated	0x1.00ce19f10d531p+7	absorbing-stock:steps=0:policies=0:rows=0:roundoff=0x1.92161cd58af33p-54:grid=0:upper=0x0p+0:time=0:domains=0:switched=0
put-zero-strike	estimated	0x0p+0	zero-strike:steps=0:policies=0:rows=0:roundoff=0x0p+0:grid=0:upper=0x0p+0:time=0:domains=0:switched=0
put-zero-scale	estimated	0x0p+0	absorbing-stock:steps=0:policies=0:rows=0:roundoff=0x0p+0:grid=0:upper=0x0p+0:time=0:domains=0:switched=0
call-no-early	estimated	0x1.4e6b2e3d54dc2p+3	European-reduction:steps=0:policies=0:rows=0:roundoff=0x1.f511bbf93eb4cp-51:grid=0:upper=0x0p+0:time=0:domains=0:switched=0
call-dividend-yield	estimated	0x1.4p+4	backward-Euler-policy-v1:steps=11776:policies=12147:rows=33489752:roundoff=0x1.3f84376912dc6p-31:grid=609:upper=0x1.ep+10:time=1024:domains=2:switched=28
put-deep-exercise	estimated	0x1.9p+5	backward-Euler-policy-v1:steps=11776:policies=12084:rows=32862183:roundoff=0x1.065678644dd1p-35:grid=601:upper=0x1.9p+10:time=1024:domains=2:switched=0
negative-boundaries-60	estimated	0x1.4p+5	backward-Euler-policy-v1:steps=11776:policies=11908:rows=33560121:roundoff=0x1.e8d892c25d6cdp-38:grid=621:upper=0x1.9p+10:time=1024:domains=2:switched=42
negative-boundaries-90	estimated	0x1.4p+3	backward-Euler-policy-v1:steps=11776:policies=11992:rows=33793727:roundoff=0x1.e8d892c25d6cdp-38:grid=621:upper=0x1.9p+10:time=1024:domains=2:switched=42
negative-boundaries-100	estimated	0x1.5edbb3f58f1ffp+1	backward-Euler-policy-v1:steps=11776:policies=11908:rows=32398447:roundoff=0x1.e8d892c25d6cdp-38:grid=601:upper=0x1.9p+10:time=1024:domains=2:switched=42
negative-boundaries-140	estimated	0x1.32f0eb97775ep-14	backward-Euler-policy-v1:steps=11776:policies=12006:rows=34061056:roundoff=0x1.e8d892c25d6cdp-38:grid=625:upper=0x1.18p+11:time=1024:domains=2:switched=42
probability-stress	estimated	0x1.95464cd8d32b5p-25	backward-Euler-policy-v1:steps=11776:policies=11776:rows=32041759:roundoff=0x1.8d01280000554p-40:grid=601:upper=0x1.9p+10:time=1024:domains=2:switched=6622
deterministic-interior	estimated	0x1.bc71c71c71c72p+4	deterministic-stopping:steps=0:policies=0:rows=0:roundoff=0x1.c71c71c71ea63p-51:grid=0:upper=0x0p+0:time=0:domains=0:switched=0
deterministic-negative-call	estimated	0x1.4p+3	deterministic-stopping:steps=0:policies=0:rows=0:roundoff=0x0p+0:grid=0:upper=0x0p+0:time=0:domains=0:switched=0
deterministic-put	estimated	0x1.4p+3	deterministic-stopping:steps=0:policies=0:rows=0:roundoff=0x1.81b60d9da48d4p-55:grid=0:upper=0x0p+0:time=0:domains=0:switched=0
put-scaled--20	estimated	0x1.aa141ebd45d28p-18	backward-Euler-policy-v1:steps=11776:policies=12084:rows=32862295:roundoff=0x1.065678644dd1p-55:grid=601:upper=0x1.9p-10:time=1024:domains=2:switched=0
put-scaled-20	estimated	0x1.aa141ebd45d28p+22	backward-Euler-policy-v1:steps=11776:policies=12084:rows=32862295:roundoff=0x1.065678644dd1p-15:grid=601:upper=0x1.9p+30:time=1024:domains=2:switched=0
