configuration,case,status,reference,baseline_lower,baseline_upper,baseline_calls,baseline_lower_reference_gap,baseline_upper_reference_gap,candidate_lower,candidate_upper,candidate_calls,candidate_lower_reference_gap,candidate_upper_reference_gap
initial,call-80-0-american,interval,arb,0x1.8p-3,0x1.c666666666666p-3,6,1197262141301476236474937449646491369820841169497517/95780971304118053647396689196894323976171195136475136,261901093409697599283990889195506581772839839772849/11972621413014756705924586149611790497021399392059392,0x1.8f9b0109ea9e5p-3,0x1.a9349aa38437fp-3,9,467424019892403657839447174712250008386724377243053/95780971304118053647396689196894323976171195136475136,91229765176134134516926008522703415591173383172273/11972621413014756705924586149611790497021399392059392
initial,call-80-0-bermudan,interval,arb,0x1.8p-3,0x1.c666666666666p-3,6,1197262141301476236474937449646491369820841169497517/95780971304118053647396689196894323976171195136475136,261901093409697599283990889195506581772839839772849/11972621413014756705924586149611790497021399392059392,0x1.8f9b0109ea9e5p-3,0x1.a9349aa38437fp-3,9,467424019892403657839447174712250008386724377243053/95780971304118053647396689196894323976171195136475136,91229765176134134516926008522703415591173383172273/11972621413014756705924586149611790497021399392059392
initial,call-80-0.05-american,interval,arb,0x1.8p-3,0x1.c666666666666p-3,6,299315535325369127061191507755503504204022787605505/23945242826029513411849172299223580994042798784118784,2095208747277580522502098532188530007187468737258289/95780971304118053647396689196894323976171195136475136,0x1.902990f8c7aeap-3,0x1.a9c32a9261484p-3,7,110344912941352878628737420618495842637286063735809/23945242826029513411849172299223580994042798784118784,755882489536065219459905560419893962566967187678001/95780971304118053647396689196894323976171195136475136
initial,call-80-0.05-bermudan,interval,arb,0x1.8p-3,0x1.c666666666666p-3,6,299315535325369127061191507755503504204022787605505/23945242826029513411849172299223580994042798784118784,2095208747277580522502098532188530007187468737258289/95780971304118053647396689196894323976171195136475136,0x1.902990f8c7aeap-3,0x1.a9c32a9261484p-3,7,110344912941352878628737420618495842637286063735809/23945242826029513411849172299223580994042798784118784,755882489536065219459905560419893962566967187678001/95780971304118053647396689196894323976171195136475136
initial,call-100-0-american,interval,arb,0x1.8p-3,0x1.c666666666666p-3,6,1197262141301476635457980678963652006014000264964363/95780971304118053647396689196894323976171195136475136,1047604373638790197644441942123446008994779811357973/47890485652059026823698344598447161988085597568237568,0x1.845b2de426874p-3,0x1.9df4c77dc020ep-3,4,993532601534621742071640472732145476436659658090763/95780971304118053647396689196894323976171195136475136,101864769883427495951607385080865928339725892265237/47890485652059026823698344598447161988085597568237568
initial,call-100-0-bermudan,interval,arb,0x1.8p-3,0x1.c666666666666p-3,6,1197262141301476635457980678963652006014000264964363/95780971304118053647396689196894323976171195136475136,1047604373638790197644441942123446008994779811357973/47890485652059026823698344598447161988085597568237568,0x1.845b2de426874p-3,0x1.9df4c77dc020ep-3,4,993532601534621742071640472732145476436659658090763/95780971304118053647396689196894323976171195136475136,101864769883427495951607385080865928339725892265237/47890485652059026823698344598447161988085597568237568
initial,call-100-0.05-american,interval,arb,0x1.8p-3,0x1.c666666666666p-3,6,1197262141301478952670529111477863276569752073432379/95780971304118053647396689196894323976171195136475136,1047604373638789039038167725866340373716903907123965/47890485652059026823698344598447161988085597568237568,0x1.85f922f45354ep-3,0x1.9f92bc8decee8p-3,4,917907696575705426148301649654546029931169741565243/95780971304118053647396689196894323976171195136475136,139677222362885653913276796619665651592470850527997/47890485652059026823698344598447161988085597568237568
initial,call-100-0.05-bermudan,interval,arb,0x1.8p-3,0x1.c666666666666p-3,6,1197262141301478952670529111477863276569752073432379/95780971304118053647396689196894323976171195136475136,1047604373638789039038167725866340373716903907123965/47890485652059026823698344598447161988085597568237568,0x1.85f922f45354ep-3,0x1.9f92bc8decee8p-3,4,917907696575705426148301649654546029931169741565243/95780971304118053647396689196894323976171195136475136,139677222362885653913276796619665651592470850527997/47890485652059026823698344598447161988085597568237568
initial,call-120-0-american,interval,arb,0x1.8p-3,0x1.c666666666666p-3,6,598631070650736996605517946219116315783485843259037/47890485652059026823698344598447161988085597568237568,2095208747277583037535828670772311392436588201162235/95780971304118053647396689196894323976171195136475136,0x1.8d054cd56f8e8p-3,0x1.a69ee66f09282p-3,7,294154595632039290298575851075062581316246045671069/47890485652059026823698344598447161988085597568237568,608952950037398153377703540743752170483619351279099/95780971304118053647396689196894323976171195136475136
initial,call-120-0-bermudan,interval,arb,0x1.8p-3,0x1.c666666666666p-3,6,598631070650736996605517946219116315783485843259037/47890485652059026823698344598447161988085597568237568,2095208747277583037535828670772311392436588201162235/95780971304118053647396689196894323976171195136475136,0x1.8d054cd56f8e8p-3,0x1.a69ee66f09282p-3,7,294154595632039290298575851075062581316246045671069/47890485652059026823698344598447161988085597568237568,608952950037398153377703540743752170483619351279099/95780971304118053647396689196894323976171195136475136
initial,call-120-0.05-american,interval,arb,0x1.8p-3,0x1.c666666666666p-3,6,598631070650735617054506869972860627709270559987799/47890485652059026823698344598447161988085597568237568,2095208747277585796637850823264822768585018767704711/95780971304118053647396689196894323976171195136475136,0x1.8c68a4f4fb9cep-3,0x1.a6023e8e95368p-3,9,308464137028875818020040124424326381952178489301079/47890485652059026823698344598447161988085597568237568,580333867243725097934774994045224569211754464019079/95780971304118053647396689196894323976171195136475136
initial,call-120-0.05-bermudan,interval,arb,0x1.8p-3,0x1.c666666666666p-3,6,598631070650735617054506869972860627709270559987799/47890485652059026823698344598447161988085597568237568,2095208747277585796637850823264822768585018767704711/95780971304118053647396689196894323976171195136475136,0x1.8c68a4f4fb9cep-3,0x1.a6023e8e95368p-3,9,308464137028875818020040124424326381952178489301079/47890485652059026823698344598447161988085597568237568,580333867243725097934774994045224569211754464019079/95780971304118053647396689196894323976171195136475136
initial,terminal-call--0.05-american,interval,arb,0x1.8p-3,0x1.c666666666666p-3,6,1197262141301477520240429667001441671338163331995853/95780971304118053647396689196894323976171195136475136,261901093409697438813304362026137794083174569460557/11972621413014756705924586149611790497021399392059392,0x1.9878f49770b4fp-3,0x1.b2128e310a4e9p-3,6,52731812899036552775705419652789196388625565423821/95780971304118053647396689196894323976171195136475136,143066291050305022649893727905136017090935734649677/11972621413014756705924586149611790497021399392059392
initial,terminal-call--0.05-bermudan,interval,arb,0x1.8p-3,0x1.c666666666666p-3,6,1197262141301477520240429667001441671338163331995853/95780971304118053647396689196894323976171195136475136,261901093409697438813304362026137794083174569460557/11972621413014756705924586149611790497021399392059392,0x1.9878f49770b4fp-3,0x1.b2128e310a4e9p-3,6,52731812899036552775705419652789196388625565423821/95780971304118053647396689196894323976171195136475136,143066291050305022649893727905136017090935734649677/11972621413014756705924586149611790497021399392059392
initial,terminal-call-0.05-american,interval,arb,0x1.8p-3,0x1.c666666666666p-3,6,149657767662684801141714763383459670517440490291161/11972621413014756705924586149611790497021399392059392,2095208747277578621613146456142866659864035965351021/95780971304118053647396689196894323976171195136475136,0x1.94e7d9a9f2e8ap-3,0x1.ae8173438c824p-3,4,27443112938603547684668668849571359967485973282777/11972621413014756705924586149611790497021399392059392,977717237792648352497505892097306453376223656359021/95780971304118053647396689196894323976171195136475136
initial,terminal-call-0.05-bermudan,interval,arb,0x1.8p-3,0x1.c666666666666p-3,6,149657767662684801141714763383459670517440490291161/11972621413014756705924586149611790497021399392059392,2095208747277578621613146456142866659864035965351021/95780971304118053647396689196894323976171195136475136,0x1.94e7d9a9f2e8ap-3,0x1.ae8173438c824p-3,4,27443112938603547684668668849571359967485973282777/11972621413014756705924586149611790497021399392059392,977717237792648352497505892097306453376223656359021/95780971304118053647396689196894323976171195136475136
initial,terminal-put--0.05-american,interval,arb,0x1.8p-3,0x1.c666666666666p-3,6,1197262141301476134290009691627685217994976876005141/95780971304118053647396689196894323976171195136475136,65475273352424403014276714736964337687768219114849/2993155353253689176481146537402947624255349848014848,0x1.9878f49770b4ep-3,0x1.b2128e310a4e8p-3,6,52731812899037825281277014110778550659559670122261/95780971304118053647396689196894323976171195136475136,35766572762576215896674319649471836951767242890593/2993155353253689176481146537402947624255349848014848
initial,terminal-put--0.05-bermudan,interval,arb,0x1.8p-3,0x1.c666666666666p-3,6,1197262141301476134290009691627685217994976876005141/95780971304118053647396689196894323976171195136475136,65475273352424403014276714736964337687768219114849/2993155353253689176481146537402947624255349848014848,0x1.9878f49770b4ep-3,0x1.b2128e310a4e8p-3,6,52731812899037825281277014110778550659559670122261/95780971304118053647396689196894323976171195136475136,35766572762576215896674319649471836951767242890593/2993155353253689176481146537402947624255349848014848
initial,terminal-put-0.05-american,interval,arb,0x1.8p-3,0x1.c666666666666p-3,6,149657767662684548226120071517149636090008917476651/11972621413014756705924586149611790497021399392059392,2095208747277580644937903991073346935283488547867101/95780971304118053647396689196894323976171195136475136,0x1.94e7d9a9f2e8ap-3,0x1.ae8173438c824p-3,4,27443112938603294769073976983261325540054400468267/11972621413014756705924586149611790497021399392059392,977717237792650375822263427027786728795676238875101/95780971304118053647396689196894323976171195136475136
initial,terminal-put-0.05-bermudan,interval,arb,0x1.8p-3,0x1.c666666666666p-3,6,149657767662684548226120071517149636090008917476651/11972621413014756705924586149611790497021399392059392,2095208747277580644937903991073346935283488547867101/95780971304118053647396689196894323976171195136475136,0x1.94e7d9a9f2e8ap-3,0x1.ae8173438c824p-3,4,27443112938603294769073976983261325540054400468267/11972621413014756705924586149611790497021399392059392,977717237792650375822263427027786728795676238875101/95780971304118053647396689196894323976171195136475136
initial,short-call,interval,arb,0x1.2999999999999p-2,0x1.4ccccccccccccp-2,6,897946605976109662105721271358217888532708629499081/95780971304118053647396689196894323976171195136475136,598631070650736842160285822963081533867712814545307/23945242826029513411849172299223580994042798784118784,0x1.3314bc0735a61p-2,0x1.3fe188d40272ep-2,4,11131350010283120154921358619673827606985408859337/95780971304118053647396689196894323976171195136475136,296532697822798403454983471068550876377281508440475/23945242826029513411849172299223580994042798784118784
initial,low-vega-call,interval,arb,0x1.e666666666667p-4,0x1.399999999999ap-3,6,1496577676626886897760275648453428632437048895995623/47890485652059026823698344598447161988085597568237568,299315535325284564454309051219559662936522376033639/95780971304118053647396689196894323976171195136475136,0x1.fffffffffffffp-4,0x1.6p-3,11,1197262141301519043494557622645832193057162135469799/47890485652059026823698344598447161988085597568237568,2095208747277497006960600345728629914444084060566887/95780971304118053647396689196894323976171195136475136
initial,quote-down,interval,arb,0x1.8p-3,0x1.c666666666666p-3,6,1171736014369849705500568381693167286184435908703961/95780971304118053647396689196894323976171195136475136,530183718552301831311574045379344184454780994744087/23945242826029513411849172299223580994042798784118784,0x1.856aaaa1b036cp-3,0x1.9f04443b49d06p-3,4,918409088927094549955758707876284549868848023697113/95780971304118053647396689196894323976171195136475136,69713263093595546004774133754398195811815854731031/23945242826029513411849172299223580994042798784118784
initial,quote-up,interval,arb,0x1.8p-3,0x1.c666666666666p-3,6,611393241303566610431844902423848147085378529484469/47890485652059026823698344598447161988085597568237568,2069684405971923809883174758362847729832802828711371/95780971304118053647396689196894323976171195136475136,0x1.86879b46f672ep-3,0x1.a02134e0900c8p-3,4,458702259299173320138013847340718076218710700809909/47890485652059026823698344598447161988085597568237568,279857622703130093698827548212441180678690041001419/95780971304118053647396689196894323976171195136475136
initial,cash-terminal-american,price-accuracy,arb,,,,,,,,,,
initial,cash-terminal-bermudan,price-accuracy,arb,,,,,,,,,,
initial,american-put,price-accuracy,discrete,,,,,,,,,,
initial,negative-rate-put,price-accuracy,discrete,,,,,,,,,,
initial,delayed-put,price-accuracy,discrete,,,,,,,,,,
initial,bermudan-put,price-accuracy,discrete,,,,,,,,,,
refined,call-80-0-american,interval,arb,0x1.8p-3,0x1.c666666666666p-3,6,1197262141301476236474937449646491369820841169497517/95780971304118053647396689196894323976171195136475136,261901093409697599283990889195506581772839839772849/11972621413014756705924586149611790497021399392059392,0x1.8f9b0109ea9e5p-3,0x1.a9349aa38437fp-3,9,467424019892403657839447174712250008386724377243053/95780971304118053647396689196894323976171195136475136,91229765176134134516926008522703415591173383172273/11972621413014756705924586149611790497021399392059392
refined,call-80-0-bermudan,interval,arb,0x1.8p-3,0x1.c666666666666p-3,6,1197262141301476236474937449646491369820841169497517/95780971304118053647396689196894323976171195136475136,261901093409697599283990889195506581772839839772849/11972621413014756705924586149611790497021399392059392,0x1.8f9b0109ea9e5p-3,0x1.a9349aa38437fp-3,9,467424019892403657839447174712250008386724377243053/95780971304118053647396689196894323976171195136475136,91229765176134134516926008522703415591173383172273/11972621413014756705924586149611790497021399392059392
refined,call-80-0.05-american,interval,arb,0x1.8p-3,0x1.c666666666666p-3,6,299315535325369127061191507755503504204022787605505/23945242826029513411849172299223580994042798784118784,2095208747277580522502098532188530007187468737258289/95780971304118053647396689196894323976171195136475136,0x1.902990f8c7aeap-3,0x1.a9c32a9261484p-3,7,110344912941352878628737420618495842637286063735809/23945242826029513411849172299223580994042798784118784,755882489536065219459905560419893962566967187678001/95780971304118053647396689196894323976171195136475136
refined,call-80-0.05-bermudan,interval,arb,0x1.8p-3,0x1.c666666666666p-3,6,299315535325369127061191507755503504204022787605505/23945242826029513411849172299223580994042798784118784,2095208747277580522502098532188530007187468737258289/95780971304118053647396689196894323976171195136475136,0x1.902990f8c7aeap-3,0x1.a9c32a9261484p-3,7,110344912941352878628737420618495842637286063735809/23945242826029513411849172299223580994042798784118784,755882489536065219459905560419893962566967187678001/95780971304118053647396689196894323976171195136475136
refined,call-100-0-american,interval,arb,0x1.8p-3,0x1.c666666666666p-3,6,1197262141301476635457980678963652006014000264964363/95780971304118053647396689196894323976171195136475136,1047604373638790197644441942123446008994779811357973/47890485652059026823698344598447161988085597568237568,0x1.845b2de426874p-3,0x1.9df4c77dc020ep-3,4,993532601534621742071640472732145476436659658090763/95780971304118053647396689196894323976171195136475136,101864769883427495951607385080865928339725892265237/47890485652059026823698344598447161988085597568237568
refined,call-100-0-bermudan,interval,arb,0x1.8p-3,0x1.c666666666666p-3,6,1197262141301476635457980678963652006014000264964363/95780971304118053647396689196894323976171195136475136,1047604373638790197644441942123446008994779811357973/47890485652059026823698344598447161988085597568237568,0x1.845b2de426874p-3,0x1.9df4c77dc020ep-3,4,993532601534621742071640472732145476436659658090763/95780971304118053647396689196894323976171195136475136,101864769883427495951607385080865928339725892265237/47890485652059026823698344598447161988085597568237568
refined,call-100-0.05-american,interval,arb,0x1.8p-3,0x1.c666666666666p-3,6,1197262141301478952670529111477863276569752073432379/95780971304118053647396689196894323976171195136475136,1047604373638789039038167725866340373716903907123965/47890485652059026823698344598447161988085597568237568,0x1.85f922f45354ep-3,0x1.9f92bc8decee8p-3,4,917907696575705426148301649654546029931169741565243/95780971304118053647396689196894323976171195136475136,139677222362885653913276796619665651592470850527997/47890485652059026823698344598447161988085597568237568
refined,call-100-0.05-bermudan,interval,arb,0x1.8p-3,0x1.c666666666666p-3,6,1197262141301478952670529111477863276569752073432379/95780971304118053647396689196894323976171195136475136,1047604373638789039038167725866340373716903907123965/47890485652059026823698344598447161988085597568237568,0x1.85f922f45354ep-3,0x1.9f92bc8decee8p-3,4,917907696575705426148301649654546029931169741565243/95780971304118053647396689196894323976171195136475136,139677222362885653913276796619665651592470850527997/47890485652059026823698344598447161988085597568237568
refined,call-120-0-american,interval,arb,0x1.8p-3,0x1.c666666666666p-3,6,598631070650736996605517946219116315783485843259037/47890485652059026823698344598447161988085597568237568,2095208747277583037535828670772311392436588201162235/95780971304118053647396689196894323976171195136475136,0x1.8d054cd56f8e8p-3,0x1.a69ee66f09282p-3,7,294154595632039290298575851075062581316246045671069/47890485652059026823698344598447161988085597568237568,608952950037398153377703540743752170483619351279099/95780971304118053647396689196894323976171195136475136
refined,call-120-0-bermudan,interval,arb,0x1.8p-3,0x1.c666666666666p-3,6,598631070650736996605517946219116315783485843259037/47890485652059026823698344598447161988085597568237568,2095208747277583037535828670772311392436588201162235/95780971304118053647396689196894323976171195136475136,0x1.8d054cd56f8e8p-3,0x1.a69ee66f09282p-3,7,294154595632039290298575851075062581316246045671069/47890485652059026823698344598447161988085597568237568,608952950037398153377703540743752170483619351279099/95780971304118053647396689196894323976171195136475136
refined,call-120-0.05-american,interval,arb,0x1.8p-3,0x1.c666666666666p-3,6,598631070650735617054506869972860627709270559987799/47890485652059026823698344598447161988085597568237568,2095208747277585796637850823264822768585018767704711/95780971304118053647396689196894323976171195136475136,0x1.8c68a4f4fb9cep-3,0x1.a6023e8e95368p-3,9,308464137028875818020040124424326381952178489301079/47890485652059026823698344598447161988085597568237568,580333867243725097934774994045224569211754464019079/95780971304118053647396689196894323976171195136475136
refined,call-120-0.05-bermudan,interval,arb,0x1.8p-3,0x1.c666666666666p-3,6,598631070650735617054506869972860627709270559987799/47890485652059026823698344598447161988085597568237568,2095208747277585796637850823264822768585018767704711/95780971304118053647396689196894323976171195136475136,0x1.8c68a4f4fb9cep-3,0x1.a6023e8e95368p-3,9,308464137028875818020040124424326381952178489301079/47890485652059026823698344598447161988085597568237568,580333867243725097934774994045224569211754464019079/95780971304118053647396689196894323976171195136475136
refined,terminal-call--0.05-american,interval,arb,0x1.8p-3,0x1.c666666666666p-3,6,1197262141301477520240429667001441671338163331995853/95780971304118053647396689196894323976171195136475136,261901093409697438813304362026137794083174569460557/11972621413014756705924586149611790497021399392059392,0x1.9878f49770b4fp-3,0x1.b2128e310a4e9p-3,6,52731812899036552775705419652789196388625565423821/95780971304118053647396689196894323976171195136475136,143066291050305022649893727905136017090935734649677/11972621413014756705924586149611790497021399392059392
refined,terminal-call--0.05-bermudan,interval,arb,0x1.8p-3,0x1.c666666666666p-3,6,1197262141301477520240429667001441671338163331995853/95780971304118053647396689196894323976171195136475136,261901093409697438813304362026137794083174569460557/11972621413014756705924586149611790497021399392059392,0x1.9878f49770b4fp-3,0x1.b2128e310a4e9p-3,6,52731812899036552775705419652789196388625565423821/95780971304118053647396689196894323976171195136475136,143066291050305022649893727905136017090935734649677/11972621413014756705924586149611790497021399392059392
refined,terminal-call-0.05-american,interval,arb,0x1.8p-3,0x1.c666666666666p-3,6,149657767662684801141714763383459670517440490291161/11972621413014756705924586149611790497021399392059392,2095208747277578621613146456142866659864035965351021/95780971304118053647396689196894323976171195136475136,0x1.94e7d9a9f2e8ap-3,0x1.ae8173438c824p-3,4,27443112938603547684668668849571359967485973282777/11972621413014756705924586149611790497021399392059392,977717237792648352497505892097306453376223656359021/95780971304118053647396689196894323976171195136475136
refined,terminal-call-0.05-bermudan,interval,arb,0x1.8p-3,0x1.c666666666666p-3,6,149657767662684801141714763383459670517440490291161/11972621413014756705924586149611790497021399392059392,2095208747277578621613146456142866659864035965351021/95780971304118053647396689196894323976171195136475136,0x1.94e7d9a9f2e8ap-3,0x1.ae8173438c824p-3,4,27443112938603547684668668849571359967485973282777/11972621413014756705924586149611790497021399392059392,977717237792648352497505892097306453376223656359021/95780971304118053647396689196894323976171195136475136
refined,terminal-put--0.05-american,interval,arb,0x1.8p-3,0x1.c666666666666p-3,6,1197262141301476134290009691627685217994976876005141/95780971304118053647396689196894323976171195136475136,65475273352424403014276714736964337687768219114849/2993155353253689176481146537402947624255349848014848,0x1.9878f49770b4ep-3,0x1.b2128e310a4e8p-3,6,52731812899037825281277014110778550659559670122261/95780971304118053647396689196894323976171195136475136,35766572762576215896674319649471836951767242890593/2993155353253689176481146537402947624255349848014848
refined,terminal-put--0.05-bermudan,interval,arb,0x1.8p-3,0x1.c666666666666p-3,6,1197262141301476134290009691627685217994976876005141/95780971304118053647396689196894323976171195136475136,65475273352424403014276714736964337687768219114849/2993155353253689176481146537402947624255349848014848,0x1.9878f49770b4ep-3,0x1.b2128e310a4e8p-3,6,52731812899037825281277014110778550659559670122261/95780971304118053647396689196894323976171195136475136,35766572762576215896674319649471836951767242890593/2993155353253689176481146537402947624255349848014848
refined,terminal-put-0.05-american,interval,arb,0x1.8p-3,0x1.c666666666666p-3,6,149657767662684548226120071517149636090008917476651/11972621413014756705924586149611790497021399392059392,2095208747277580644937903991073346935283488547867101/95780971304118053647396689196894323976171195136475136,0x1.94e7d9a9f2e8ap-3,0x1.ae8173438c824p-3,4,27443112938603294769073976983261325540054400468267/11972621413014756705924586149611790497021399392059392,977717237792650375822263427027786728795676238875101/95780971304118053647396689196894323976171195136475136
refined,terminal-put-0.05-bermudan,interval,arb,0x1.8p-3,0x1.c666666666666p-3,6,149657767662684548226120071517149636090008917476651/11972621413014756705924586149611790497021399392059392,2095208747277580644937903991073346935283488547867101/95780971304118053647396689196894323976171195136475136,0x1.94e7d9a9f2e8ap-3,0x1.ae8173438c824p-3,4,27443112938603294769073976983261325540054400468267/11972621413014756705924586149611790497021399392059392,977717237792650375822263427027786728795676238875101/95780971304118053647396689196894323976171195136475136
refined,short-call,interval,arb,0x1.2999999999999p-2,0x1.4ccccccccccccp-2,6,897946605976109662105721271358217888532708629499081/95780971304118053647396689196894323976171195136475136,598631070650736842160285822963081533867712814545307/23945242826029513411849172299223580994042798784118784,0x1.3314bc0735a61p-2,0x1.3fe188d40272ep-2,4,11131350010283120154921358619673827606985408859337/95780971304118053647396689196894323976171195136475136,296532697822798403454983471068550876377281508440475/23945242826029513411849172299223580994042798784118784
refined,low-vega-call,interval,arb,0x1.e666666666667p-4,0x1.399999999999ap-3,6,1496577676626886897760275648453428632437048895995623/47890485652059026823698344598447161988085597568237568,299315535325284564454309051219559662936522376033639/95780971304118053647396689196894323976171195136475136,0x1.fffffffffffffp-4,0x1.6p-3,11,1197262141301519043494557622645832193057162135469799/47890485652059026823698344598447161988085597568237568,2095208747277497006960600345728629914444084060566887/95780971304118053647396689196894323976171195136475136
refined,quote-down,interval,arb,0x1.8p-3,0x1.c666666666666p-3,6,1171736014369849705500568381693167286184435908703961/95780971304118053647396689196894323976171195136475136,530183718552301831311574045379344184454780994744087/23945242826029513411849172299223580994042798784118784,0x1.856aaaa1b036cp-3,0x1.9f04443b49d06p-3,4,918409088927094549955758707876284549868848023697113/95780971304118053647396689196894323976171195136475136,69713263093595546004774133754398195811815854731031/23945242826029513411849172299223580994042798784118784
refined,quote-up,interval,arb,0x1.8p-3,0x1.c666666666666p-3,6,611393241303566610431844902423848147085378529484469/47890485652059026823698344598447161988085597568237568,2069684405971923809883174758362847729832802828711371/95780971304118053647396689196894323976171195136475136,0x1.86879b46f672ep-3,0x1.a02134e0900c8p-3,4,458702259299173320138013847340718076218710700809909/47890485652059026823698344598447161988085597568237568,279857622703130093698827548212441180678690041001419/95780971304118053647396689196894323976171195136475136
refined,cash-terminal-american,interval,arb,0x1.8p-3,0x1.c666666666666p-3,6,299315535325369330581374770507072258107159388297075/23945242826029513411849172299223580994042798784118784,2095208747277579708421365481182254991574922334492009/95780971304118053647396689196894323976171195136475136,0x1.80a3908080d6ep-3,0x1.9a3d2a1a1a708p-3,4,291845231348031455789627878628083267623133507688307/23945242826029513411849172299223580994042798784118784,29881215909350910816343728381544262623577411868009/95780971304118053647396689196894323976171195136475136
refined,cash-terminal-bermudan,interval,arb,0x1.8p-3,0x1.c666666666666p-3,6,299315535325369330581374770507072258107159388297075/23945242826029513411849172299223580994042798784118784,2095208747277579708421365481182254991574922334492009/95780971304118053647396689196894323976171195136475136,0x1.80a3908080d6ep-3,0x1.9a3d2a1a1a708p-3,4,291845231348031455789627878628083267623133507688307/23945242826029513411849172299223580994042798784118784,29881215909350910816343728381544262623577411868009/95780971304118053647396689196894323976171195136475136
refined,american-put,interval,discrete,0x1.8p-3,0x1.c666666666666p-3,6,446145416187079/36028797018963968,97932400761241/4503599627370496,0x1.9519915d578d2p-3,0x1.aeb32af6f126cp-3,4,74952501318645/36028797018963968,183261093084263/18014398509481984
refined,negative-rate-put,interval,discrete,0x1.8p-3,0x1.c666666666666p-3,6,27913089004339/2251799813685248,784379392347339/36028797018963968,0x1.8656e967cf27cp-3,0x1.9ff0830168c16p-3,4,83770944622637/9007199254740992,107775103136379/36028797018963968
refined,delayed-put,interval,discrete,0x1.8p-3,0x1.c666666666666p-3,6,110821420145049/9007199254740992,97530986836787/4503599627370496,0x1.96f558b3f0066p-3,0x1.b08ef24d89ap-3,4,19698752402175/18014398509481984,198003067840153/18014398509481984
refined,bermudan-put,interval,discrete,0x1.8p-3,0x1.c666666666666p-3,6,112040855522507/9007199254740992,785933390367943/36028797018963968,0x1.94a926f6a5c7cp-3,0x1.ae42c0903f616p-3,4,5293478153579/2251799813685248,361271227210871/36028797018963968
tight,call-80-0-american,interval,arb,0x1.919999999999ap-3,0x1.9a66666666666p-3,9,374144419156710649560225523927982450104971737017773/95780971304118053647396689196894323976171195136475136,4676805239458685680142358637440770313395712209073/11972621413014756705924586149611790497021399392059392,0x1.97dc186dda1dcp-3,0x1.9a6b7496cfe05p-3,10,81388208004290840235657115980308739772572629839277/95780971304118053647396689196894323976171195136475136,4792250765732104145228551038634869733816183206065/11972621413014756705924586149611790497021399392059392
tight,call-80-0-bermudan,interval,arb,0x1.919999999999ap-3,0x1.9a66666666666p-3,9,374144419156710649560225523927982450104971737017773/95780971304118053647396689196894323976171195136475136,4676805239458685680142358637440770313395712209073/11972621413014756705924586149611790497021399392059392,0x1.97dc186dda1dcp-3,0x1.9a6b7496cfe05p-3,10,81388208004290840235657115980308739772572629839277/95780971304118053647396689196894323976171195136475136,4792250765732104145228551038634869733816183206065/11972621413014756705924586149611790497021399392059392
tight,call-80-0.05-american,interval,arb,0x1.919999999999ap-3,0x1.9a66666666666p-3,9,93536104789177730332513526325876274275055429485569/23945242826029513411849172299223580994042798784118784,37414441915669213671310287724003515511915716748081/95780971304118053647396689196894323976171195136475136,0x1.9806e1e5e8c94p-3,0x1.9a963e0ede8bdp-3,9,18392887836066910284018705316569804912937304851457/23945242826029513411849172299223580994042798784118784,46154662785880032261410703023108477991352876081969/95780971304118053647396689196894323976171195136475136
tight,call-80-0.05-bermudan,interval,arb,0x1.919999999999ap-3,0x1.9a66666666666p-3,9,93536104789177730332513526325876274275055429485569/23945242826029513411849172299223580994042798784118784,37414441915669213671310287724003515511915716748081/95780971304118053647396689196894323976171195136475136,0x1.9806e1e5e8c94p-3,0x1.9a963e0ede8bdp-3,9,18392887836066910284018705316569804912937304851457/23945242826029513411849172299223580994042798784118784,46154662785880032261410703023108477991352876081969/95780971304118053647396689196894323976171195136475136
tight,call-100-0-american,interval,arb,0x1.919999999999ap-3,0x1.9a66666666666p-3,9,374144419156711048543268753245143086298130832484619/95780971304118053647396689196894323976171195136475136,18707220957834543229047819891182763157003301102869/47890485652059026823698344598447161988085597568237568,0x1.970d634dfdaadp-3,0x1.999cbf76f36d6p-3,6,119151129897616286729749381433754588231474778532107/95780971304118053647396689196894323976171195136475136,287542116265693333868071427816554705813658477845/47890485652059026823698344598447161988085597568237568
tight,call-100-0-bermudan,interval,arb,0x1.919999999999ap-3,0x1.9a66666666666p-3,9,374144419156711048543268753245143086298130832484619/95780971304118053647396689196894323976171195136475136,18707220957834543229047819891182763157003301102869/47890485652059026823698344598447161988085597568237568,0x1.970d634dfdaadp-3,0x1.999cbf76f36d6p-3,6,119151129897616286729749381433754588231474778532107/95780971304118053647396689196894323976171195136475136,287542116265693333868071427816554705813658477845/47890485652059026823698344598447161988085597568237568
tight,call-100-0.05-american,interval,arb,0x1.919999999999ap-3,0x1.9a66666666666p-3,9,374144419156713365755817185759354356853882640952635/95780971304118053647396689196894323976171195136475136,18707220957833384622773603634077127879127396868861/47890485652059026823698344598447161988085597568237568,0x1.997e8e9146f65p-3,0x1.9c0deaba3cb8ep-3,6,4940441088896573661094765482643869482899160984891/95780971304118053647396689196894323976171195136475136,57392886520625549868195379403371914080101467251453/47890485652059026823698344598447161988085597568237568
tight,call-100-0.05-bermudan,interval,arb,0x1.919999999999ap-3,0x1.9a66666666666p-3,9,374144419156713365755817185759354356853882640952635/95780971304118053647396689196894323976171195136475136,18707220957833384622773603634077127879127396868861/47890485652059026823698344598447161988085597568237568,0x1.997e8e9146f65p-3,0x1.9c0deaba3cb8ep-3,6,4940441088896573661094765482643869482899160984891/95780971304118053647396689196894323976171195136475136,57392886520625549868195379403371914080101467251453/47890485652059026823698344598447161988085597568237568
tight,call-120-0-american,interval,arb,0x1.919999999999ap-3,0x1.9a66666666666p-3,9,187072209578354203148161983359861855925551127019165/47890485652059026823698344598447161988085597568237568,37414441915671728705040426307784900761035180652027/95780971304118053647396689196894323976171195136475136,0x1.9747ff503201bp-3,0x1.99d75b7927c44p-3,9,54221955780911060718862939425933801357585398316701/47890485652059026823698344598447161988085597568237568,11282302568325551959759645437520094927931298854395/95780971304118053647396689196894323976171195136475136
tight,call-120-0-bermudan,interval,arb,0x1.919999999999ap-3,0x1.9a66666666666p-3,9,187072209578354203148161983359861855925551127019165/47890485652059026823698344598447161988085597568237568,37414441915671728705040426307784900761035180652027/95780971304118053647396689196894323976171195136475136,0x1.9747ff503201bp-3,0x1.99d75b7927c44p-3,9,54221955780911060718862939425933801357585398316701/47890485652059026823698344598447161988085597568237568,11282302568325551959759645437520094927931298854395/95780971304118053647396689196894323976171195136475136
tight,call-120-0.05-american,interval,arb,0x1.919999999999ap-3,0x1.9a66666666666p-3,9,187072209578352823597150907113606167851335843747927/47890485652059026823698344598447161988085597568237568,37414441915674487807062578800296276909465747194503/95780971304118053647396689196894323976171195136475136,0x1.9724c6911913ep-3,0x1.99b422ba0ed67p-3,10,57439238431140863620672966703788990178758007887959/47890485652059026823698344598447161988085597568237568,4847737267865946156139590881809717285586079711879/95780971304118053647396689196894323976171195136475136
tight,call-120-0.05-bermudan,interval,arb,0x1.919999999999ap-3,0x1.9a66666666666p-3,9,187072209578352823597150907113606167851335843747927/47890485652059026823698344598447161988085597568237568,37414441915674487807062578800296276909465747194503/95780971304118053647396689196894323976171195136475136,0x1.9724c6911913ep-3,0x1.99b422ba0ed67p-3,10,57439238431140863620672966703788990178758007887959/47890485652059026823698344598447161988085597568237568,4847737267865946156139590881809717285586079711879/95780971304118053647396689196894323976171195136475136
tight,terminal-call--0.05-american,interval,arb,0x1.919999999999ap-3,0x1.9a66666666666p-3,9,374144419156711933325717741282932751622293899516109/95780971304118053647396689196894323976171195136475136,4676805239458525209455831468071982623730441896781/11972621413014756705924586149611790497021399392059392,0x1.9878f49770b4fp-3,0x1.9b0850c066778p-3,6,52731812899036552775705419652789196388625565423821/95780971304118053647396689196894323976171195136475136,8374300153888890077722513079574812656809566257997/11972621413014756705924586149611790497021399392059392
tight,terminal-call--0.05-bermudan,interval,arb,0x1.919999999999ap-3,0x1.9a66666666666p-3,9,374144419156711933325717741282932751622293899516109/95780971304118053647396689196894323976171195136475136,4676805239458525209455831468071982623730441896781/11972621413014756705924586149611790497021399392059392,0x1.9878f49770b4fp-3,0x1.9b0850c066778p-3,6,52731812899036552775705419652789196388625565423821/95780971304118053647396689196894323976171195136475136,8374300153888890077722513079574812656809566257997/11972621413014756705924586149611790497021399392059392
tight,terminal-call-0.05-american,interval,arb,0x1.919999999999ap-3,0x1.9a66666666666p-3,9,46768052394589102777375772668646055552956811231193/11972621413014756705924586149611790497021399392059392,37414441915667312782358211678340168188482944840813/95780971304118053647396689196894323976171195136475136,0x1.94e7d9a9f2e8ap-3,0x1.99a4759a243a2p-3,4,27443112938603547684668668849571359967485973282777/11972621413014756705924586149611790497021399392059392,1983875802373456385023735901230986696447809631341/95780971304118053647396689196894323976171195136475136
tight,terminal-call-0.05-bermudan,interval,arb,0x1.919999999999ap-3,0x1.9a66666666666p-3,9,46768052394589102777375772668646055552956811231193/11972621413014756705924586149611790497021399392059392,37414441915667312782358211678340168188482944840813/95780971304118053647396689196894323976171195136475136,0x1.94e7d9a9f2e8ap-3,0x1.99a4759a243a2p-3,4,27443112938603547684668668849571359967485973282777/11972621413014756705924586149611790497021399392059392,1983875802373456385023735901230986696447809631341/95780971304118053647396689196894323976171195136475136
tight,terminal-put--0.05-american,interval,arb,0x1.919999999999ap-3,0x1.9a66666666666p-3,9,374144419156710547375297765909176298279107443525397/95780971304118053647396689196894323976171195136475136,1169201309864674613314582097447884822907187223905/2993155353253689176481146537402947624255349848014848,0x1.9878f49770b4ep-3,0x1.9b0850c066777p-3,6,52731812899037825281277014110778550659559670122261/95780971304118053647396689196894323976171195136475136,2093575038472182753631515943081535843235700792673/2993155353253689176481146537402947624255349848014848
tight,terminal-put--0.05-bermudan,interval,arb,0x1.919999999999ap-3,0x1.9a66666666666p-3,9,374144419156710547375297765909176298279107443525397/95780971304118053647396689196894323976171195136475136,1169201309864674613314582097447884822907187223905/2993155353253689176481146537402947624255349848014848,0x1.9878f49770b4ep-3,0x1.9b0850c066777p-3,6,52731812899037825281277014110778550659559670122261/95780971304118053647396689196894323976171195136475136,2093575038472182753631515943081535843235700792673/2993155353253689176481146537402947624255349848014848
tight,terminal-put-0.05-american,interval,arb,0x1.919999999999ap-3,0x1.9a66666666666p-3,9,46768052394588849861781080802336021125525238416683/11972621413014756705924586149611790497021399392059392,37414441915669336107115746608820443607935527356893/95780971304118053647396689196894323976171195136475136,0x1.94e7d9a9f2e8ap-3,0x1.99a4759a243a2p-3,4,27443112938603294769073976983261325540054400468267/11972621413014756705924586149611790497021399392059392,1983875802375479709781270831711262115900392147421/95780971304118053647396689196894323976171195136475136
tight,terminal-put-0.05-bermudan,interval,arb,0x1.919999999999ap-3,0x1.9a66666666666p-3,9,46768052394588849861781080802336021125525238416683/11972621413014756705924586149611790497021399392059392,37414441915669336107115746608820443607935527356893/95780971304118053647396689196894323976171195136475136,0x1.94e7d9a9f2e8ap-3,0x1.99a4759a243a2p-3,4,27443112938603294769073976983261325540054400468267/11972621413014756705924586149611790497021399392059392,1983875802375479709781270831711262115900392147421/95780971304118053647396689196894323976171195136475136
tight,short-call,interval,arb,0x1.3266666666666p-2,0x1.36cccccccccccp-2,9,74828883831344075191009345639708968816839197019337/95780971304118053647396689196894323976171195136475136,84182494310259014952588761846949910948824559417755/23945242826029513411849172299223580994042798784118784,0x1.3314bc0735a61p-2,0x1.345c6a1bb0875p-2,4,11131350010283120154921358619673827606985408859337/95780971304118053647396689196894323976171195136475136,27148716029965473696643148959492015605499031484827/23945242826029513411849172299223580994042798784118784
tight,low-vega-call,interval,arb,0x1.30ccccccccccdp-3,0x1.399999999999ap-3,9,56121662873549114501523455819847378644867809672935/47890485652059026823698344598447161988085597568237568,299315535325284564454309051219559662936522376033639/95780971304118053647396689196894323976171195136475136,0x1.31f503708db73p-3,0x1.34845f998379cp-3,16,29064386499902133860321350876002601485265810620135/47890485652059026823698344598447161988085597568237568,61597441130343405676842822537382494672570474247527/95780971304118053647396689196894323976171195136475136
tight,quote-down,interval,arb,0x1.919999999999ap-3,0x1.9a66666666666p-3,9,348618292225084118585856455974658366468566476224217/95780971304118053647396689196894323976171195136475136,15735142211824004103876984263212561535892739616535/23945242826029513411849172299223580994042798784118784,0x1.98f2737d09c33p-3,0x1.9b81cfa5ff85cp-3,6,5009917072678451575426664018943943804236940277465/95780971304118053647396689196894323976171195136475136,28679074264367305455514715067610938459716288802583/23945242826029513411849172299223580994042798784118784
tight,quote-up,interval,arb,0x1.919999999999ap-3,0x1.9a66666666666p-3,9,199834380231183816974488939564593687227443813244597/47890485652059026823698344598447161988085597568237568,11890100610012501052386513898321238157249808201163/95780971304118053647396689196894323976171195136475136,0x1.9a0aa69ee23a6p-3,0x1.9c9a02c7d7fcfp-3,6,2435669419770511576090672151621901302920183766709/47890485652059026823698344598447161988085597568237568,114854875290606650245304179986143895037261727954379/95780971304118053647396689196894323976171195136475136
tight,cash-terminal-american,interval,arb,0x1.919999999999ap-3,0x1.9a66666666666p-3,9,93536104789177933852696789077445028178192030177139/23945242826029513411849172299223580994042798784118784,37414441915668399590577236717728499899369313981801/95780971304118053647396689196894323976171195136475136,0x1.97adcdf124adfp-3,0x1.9a3d2a1a1a708p-3,4,22461249555199190645285448976960858754881170904947/23945242826029513411849172299223580994042798784118784,29881215909350910816343728381544262623577411868009/95780971304118053647396689196894323976171195136475136
tight,cash-terminal-bermudan,interval,arb,0x1.919999999999ap-3,0x1.9a66666666666p-3,9,93536104789177933852696789077445028178192030177139/23945242826029513411849172299223580994042798784118784,37414441915668399590577236717728499899369313981801/95780971304118053647396689196894323976171195136475136,0x1.97adcdf124adfp-3,0x1.9a3d2a1a1a708p-3,4,22461249555199190645285448976960858754881170904947/23945242826029513411849172299223580994042798784118784,29881215909350910816343728381544262623577411868009/95780971304118053647396689196894323976171195136475136
tight,american-put,interval,discrete,0x1.919999999999ap-3,0x1.9a66666666666p-3,9,136522941805357/36028797018963968,1175377516953/4503599627370496,0x1.974f30b2eef74p-3,0x1.9c6de904da7c6p-3,6,36083225976147/36028797018963968,5637936415173/4503599627370496
tight,negative-rate-put,interval,discrete,0x1.919999999999ap-3,0x1.9a66666666666p-3,9,68493474843851/18014398509481984,10323206393035/36028797018963968,0x1.9717bc7948104p-3,0x1.9c3674cb33956p-3,6,10089501011083/9007199254740992,42212907392955/36028797018963968
tight,delayed-put,interval,discrete,0x1.919999999999ap-3,0x1.9a66666666666p-3,9,66831603099237/18014398509481984,773963592499/4503599627370496,0x1.973c062016fa8p-3,0x1.9c5abe72027fap-3,6,8635147173295/9007199254740992,10143770400459/9007199254740992
tight,bermudan-put,interval,discrete,0x1.919999999999ap-3,0x1.9a66666666666p-3,9,69270473854153/18014398509481984,11877204413639/36028797018963968,0x1.9728fe8ab1571p-3,0x1.9c47b6dc9cdc3p-3,6,40726035963323/36028797018963968,11238217878793/9007199254740992
