call-80	unavailable	-	accuracy:space=0x1.546aedc4f6dep-5,0x1.b503c2f6b1ap-7:time=0x1.ea1ddde1bd6p-9,0x1.e6612112bbcp-10:domain=0x1.29ep-41,0x0p+0:spread=0x0p+0
call-100	unavailable	-	accuracy:space=0x1.46e88b860f6ep-2,0x1.27b9a8add6ep-4:time=0x1.1fde4f8ecc8p-6,0x1.204ed7d1914p-7:domain=0x1.93134p-31,0x0p+0:spread=0x0p+0
call-120	unavailable	-	accuracy:space=0x1.3514ad8bfe5p-3,0x1.4b4f86a2c2p-5:time=0x1.9a11289d65p-8,0x1.a0ec601496p-9:domain=0x1.38p-43,0x0p+0:spread=0x0p+0
call-short	unavailable	-	accuracy:space=0x1.6313bf1d2de48p-5,0x1.49c33617a027dp-4:time=0x1.16d6bb6f3d8p-13,0x1.1783d16869p-14:domain=0x0p+0,0x0p+0:spread=0x0p+0
call-long-high-vol	unavailable	-	arithmetic:residual roundoff resolution
call-zero-rate-yield	estimated	0x1.fdcbdb70c3308p+2	European-reduction:steps=0:policies=0:rows=0:roundoff=0x1.7895068b7fce1p-55:grid=0:upper=0x0p+0:time=0:domains=0:switched=0
call-negative-rate	unavailable	-	accuracy:space=0x1.9ba933439a25p-2,0x1.59d6b75a1c3cp-4:time=0x1.2718a41c062p-6,0x1.2afc06db25cp-7:domain=0x0p+0,0x0p+0:spread=0x0p+0
call-negative-yield	unavailable	-	accuracy:space=0x1.647e9cab9b4ap-2,0x1.4207c28e57f8p-4:time=0x1.b68166d52b8p-7,0x1.b6d7a131e2p-8:domain=0x1.c65294p-27,0x0p+0:spread=0x0p+0
call-low-vol	unavailable	-	accuracy:space=0x1.1a6b7ee1c2cp-8,0x1.6867d030bep-9:time=0x1.b2f9d4df7p-10,0x1.b3b56e34c8p-11:domain=0x0p+0,0x0p+0:spread=0x0p+0
call-delayed	unavailable	-	accuracy:space=0x1.460e2ca47aacp-2,0x1.2737ee3ce6bp-4:time=0x1.204ed7d49c4p-7,0x1.208664e54c8p-8:domain=0x1.6668p-32,0x0p+0:spread=0x0p+0
call-expiry	estimated	0x1.4p+2	expiry:steps=0:policies=0:rows=0:roundoff=0x0p+0:grid=0:upper=0x0p+0:time=0:domains=0:switched=0
call-zero-spot	estimated	0x0p+0	absorbing-stock:steps=0:policies=0:rows=0:roundoff=0x0p+0:grid=0:upper=0x0p+0:time=0:domains=0:switched=0
call-zero-strike	estimated	0x1.c54266cede01p+6	zero-strike:steps=0:policies=0:rows=0:roundoff=0x1.194cbcd360c51p-48:grid=0:upper=0x0p+0:time=0:domains=0:switched=0
call-zero-scale	estimated	0x0p+0	absorbing-stock:steps=0:policies=0:rows=0:roundoff=0x0p+0:grid=0:upper=0x0p+0:time=0:domains=0:switched=0
put-80	unavailable	-	accuracy:space=0x1.63ac26428ecp-5,0x1.e0329df817p-7:time=0x1.12c1f648dcp-9,0x1.2ca1ad521p-10:domain=0x1.74p-39,0x0p+0:spread=0x0p+0
put-100	unavailable	-	accuracy:space=0x1.6caae770d53cp-2,0x1.3bebc85913ccp-4:time=0x1.4ecbb85c148p-6,0x1.54ddb16b33ap-7:domain=0x1.575bep-29,0x0p+0:spread=0x0p+0
put-120	unavailable	-	accuracy:space=0x1.49dc810478448p-3,0x1.5fa19ec610c6p-5:time=0x1.659b6d0641bp-8,0x1.825274ddf9ep-9:domain=0x1.61fb84p-29,0x0p+0:spread=0x0p+0
put-short	unavailable	-	accuracy:space=0x1.636a993dd4b29p-5,0x1.4a1e12ebd0039p-4:time=0x1.17b8ef721b4p-13,0x1.184f00af5f8p-14:domain=0x0p+0,0x0p+0:spread=0x0p+0
put-long-high-vol	unavailable	-	arithmetic:residual roundoff resolution
put-zero-rate-yield	unavailable	-	accuracy:space=0x1.4ea2eed125f1p-2,0x1.2eb8709e2edcp-4:time=0x1.02487bae868p-6,0x1.02a47c82fc4p-7:domain=0x1.feb4ap-31,0x0p+0:spread=0x0p+0
put-negative-rate	unavailable	-	accuracy:space=0x1.67d6aa253328p-2,0x1.45444c09651p-4:time=0x1.6e0aee74a4cp-7,0x1.6e6fe170a7p-8:domain=0x1.524ep-34,0x0p+0:spread=0x0p+0
put-negative-yield	unavailable	-	accuracy:space=0x1.255fc4897c6p-2,0x1.7e55f26de408p-4:time=0x1.11fd4b5fdd8p-6,0x1.17863a7eabcp-7:domain=0x1.cbb86cp-27,0x0p+0:spread=0x0p+0
put-low-vol	unavailable	-	accuracy:space=0x1.bd2c8ee2ceb76p-8,0x1.3546043cfad74p-7:time=0x1.d5b931d63p-14,0x1.da4cb9b0ea4p-15:domain=0x0p+0,0x0p+0:spread=0x0p+0
put-delayed	unavailable	-	accuracy:space=0x1.6d2d955603ffp-2,0x1.4a2f56c6edd8p-4:time=0x1.71505f2a8fcp-7,0x1.77733ff04bcp-8:domain=0x1.5315ap-30,0x0p+0:spread=0x0p+0
put-expiry	estimated	0x0p+0	expiry:steps=0:policies=0:rows=0:roundoff=0x0p+0:grid=0:upper=0x0p+0:time=0:domains=0:switched=0
put-zero-spot	estimated	0x1.00ce19f10d531p+7	absorbing-stock:steps=0:policies=0:rows=0:roundoff=0x1.92161cd58af33p-54:grid=0:upper=0x0p+0:time=0:domains=0:switched=0
put-zero-strike	estimated	0x0p+0	zero-strike:steps=0:policies=0:rows=0:roundoff=0x0p+0:grid=0:upper=0x0p+0:time=0:domains=0:switched=0
put-zero-scale	estimated	0x0p+0	absorbing-stock:steps=0:policies=0:rows=0:roundoff=0x0p+0:grid=0:upper=0x0p+0:time=0:domains=0:switched=0
call-no-early	estimated	0x1.4e6b2e3d54dc2p+3	European-reduction:steps=0:policies=0:rows=0:roundoff=0x1.f511bbf93eb4cp-51:grid=0:upper=0x0p+0:time=0:domains=0:switched=0
call-dividend-yield	estimated	0x1.4p+4	backward-Euler-policy-v1:steps=1472:policies=1607:rows=1357079:roundoff=0x1.46d344c3c5c9ep-32:grid=193:upper=0x1.ep+10:time=128:domains=2:switched=28
put-deep-exercise	estimated	0x1.9p+5	backward-Euler-policy-v1:steps=1472:policies=1540:rows=1239850:roundoff=0x1.065193f635ec3p-36:grid=185:upper=0x1.9p+10:time=128:domains=2:switched=0
negative-boundaries-60	estimated	0x1.4p+5	backward-Euler-policy-v1:steps=1472:policies=1506:rows=1369692:roundoff=0x1.0c8d8af7f03d1p-38:grid=205:upper=0x1.9p+10:time=128:domains=2:switched=40
negative-boundaries-90	estimated	0x1.4p+3	backward-Euler-policy-v1:steps=1472:policies=1552:rows=1407878:roundoff=0x1.0c8d8af7f03d1p-38:grid=205:upper=0x1.9p+10:time=128:domains=2:switched=42
negative-boundaries-100	unavailable	-	accuracy:space=0x1.cc599d5d489cp-1,0x1.b9a1a758223bp-3:time=0x1.1429f30256dp-7,0x1.18227cff88ap-8:domain=0x0p+0,0x0p+0:spread=0x0p+0
negative-boundaries-140	unavailable	-	accuracy:space=0x1.affbde3a26ba5p-13,0x1.712aec858c36cp-14:time=0x1.28ce7a2ec202cp-15,0x1.14ad5bd62ae98p-16:domain=0x0p+0,0x0p+0:spread=0x0p+0
probability-stress	estimated	0x1.7db50c2806cf6p-25	backward-Euler-policy-v1:steps=1472:policies=1472:rows=1186904:roundoff=0x1.848100000299cp-40:grid=185:upper=0x1.9p+10:time=128:domains=2:switched=1934
deterministic-interior	estimated	0x1.bc71c71c71c72p+4	deterministic-stopping:steps=0:policies=0:rows=0:roundoff=0x1.c71c71c71ea63p-51:grid=0:upper=0x0p+0:time=0:domains=0:switched=0
deterministic-negative-call	estimated	0x1.4p+3	deterministic-stopping:steps=0:policies=0:rows=0:roundoff=0x0p+0:grid=0:upper=0x0p+0:time=0:domains=0:switched=0
deterministic-put	estimated	0x1.4p+3	deterministic-stopping:steps=0:policies=0:rows=0:roundoff=0x1.81b60d9da48d4p-55:grid=0:upper=0x0p+0:time=0:domains=0:switched=0
put-scaled--20	unavailable	-	accuracy:space=0x1.6caae770d53cp-22,0x1.3bebc85913ccp-24:time=0x1.4ecbb85c148p-26,0x1.54ddb16b33ap-27:domain=0x1.575bep-49,0x0p+0:spread=0x0p+0
put-scaled-20	unavailable	-	accuracy:space=0x1.6caae770d53cp+18,0x1.3bebc85913ccp+16:time=0x1.4ecbb85c148p+14,0x1.54ddb16b33ap+13:domain=0x1.575bep-9,0x0p+0:spread=0x0p+0
