terminal-call	estimated	0x1.2743a10e31127p+3	European-reduction:steps=0:rows=1:map=0:roundoff=0x1.7e1e8ad74dcdfp-51
terminal-put	estimated	0x1.95200a7f17afp+2	European-reduction:steps=0:rows=1:map=0:roundoff=0x1.3dadf41d1b9c2p-53
expiry-call	estimated	0x1.4p+2	expiry:steps=0:rows=1:map=0:roundoff=0x0p+0
deterministic-sparse	estimated	0x1.89b96b9838e84p+4	Bermudan-deterministic-stopping:steps=0:rows=6:map=0:roundoff=0x1.7d5425cdf6f39p-54
deterministic-middle	estimated	0x1.b8b3e18ad8479p+4	Bermudan-deterministic-stopping:steps=0:rows=9:map=0:roundoff=0x1.a12f62f2b6fcap-51
absorbing-negative-rate	estimated	0x1.00ce19f10d531p+7	absorbing-stock:steps=0:rows=2:map=0:roundoff=0x1.92161cd58af33p-54
zero-strike-negative-yield	estimated	0x1.c54266cede01p+6	zero-strike:steps=0:rows=2:map=0:roundoff=0x1.194cbcd360c51p-48
deterministic-after	estimated	0x0p+0	Bermudan-deterministic-stopping:steps=0:rows=7:map=0:roundoff=0x0p+0
deterministic-both	estimated	0x1.4p+3	Bermudan-deterministic-stopping:steps=0:rows=9:map=0:roundoff=0x0p+0
deterministic-large	estimated	0x1p+1	Bermudan-deterministic-stopping:steps=0:rows=7:map=0:roundoff=0x0p+0
deterministic-joint	estimated	0x1p+1	Bermudan-deterministic-stopping:steps=0:rows=8:map=0:roundoff=0x0p+0
zero-time-before-after	estimated	0x1.ep+4	Bermudan-deterministic-stopping:steps=0:rows=4:map=0:roundoff=0x0p+0
zero-time-after	estimated	0x1.ep+4	Bermudan-deterministic-stopping:steps=0:rows=4:map=0:roundoff=0x0p+0
terminal-cash-before	estimated	0x1.5b5f4d972ba56p+3	backward-Euler-Bermudan-v1:steps=1984:rows=1979915:map=0:roundoff=0x1.307ea0049303bp-37
terminal-cash-after	estimated	0x1.c0c6173e666a7p+4	backward-Euler-Bermudan-v1:steps=1984:rows=2028469:map=18:roundoff=0x1.307ea0049303bp-37
put-sparse	unavailable	-	accuracy:space=0x1.437e66a03975p-2,0x1.2fe4f2080828p-4:time=0x1.37cba8b945cp-7,0x1.38cdde25df4p-8:event=0x0p+0,0x0p+0:domain=0x1.5315ap-30,0x0p+0:spread=0x0p+0
put-irregular	unavailable	-	accuracy:space=0x1.5676a0928812p-2,0x1.408ccb109d4p-4:time=0x1.a44eb83b90cp-8,0x1.a5b0e004cc8p-9:event=0x0p+0,0x0p+0:domain=0x1.0a7bp-30,0x0p+0:spread=0x0p+0
put-dense	unavailable	-	accuracy:space=0x1.6416af0ef101p-2,0x1.2af6deaabdd4p-4:time=0x1.6e1d8e6ceb8p-9,0x1.6ebd96eac8p-10:event=0x0p+0,0x0p+0:domain=0x1.70056p-31,0x0p+0:spread=0x0p+0
put-now	estimated	0x1.9p+5	backward-Euler-Bermudan-v1:steps=2944:rows=2325245:map=0:roundoff=0x1.18893926b0ed7p-37
put-future	estimated	0x1.803b03aaada57p+5	backward-Euler-Bermudan-v1:steps=2944:rows=2323282:map=0:roundoff=0x1.18893926b0ed7p-37
call-cash-before	unavailable	-	accuracy:space=0x1.0969eb7e0df8p-5,0x1.bf70e9e886p-6:time=0x1.28da34e5474p-7,0x1.297d527f5f4p-8:event=0x1.34ab2c30866ap-3,0x1.16b20389a008p-5:domain=0x1.dcp-44,0x0p+0:spread=0x0p+0
call-cash-after	unavailable	-	accuracy:space=0x1.f9f4cee069p-6,0x1.e84cec94f1dp-6:time=0x1.f9f6d959f7p-8,0x1.fabc7939c68p-9:event=0x1.7fe7e0800922p-3,0x1.84d3de1892p-5:domain=0x1.18211p-30,0x0p+0:spread=0x0p+0
call-cash-both	unavailable	-	accuracy:space=0x1.0969eb7e0df8p-5,0x1.bf70e9e886p-6:time=0x1.28da34e5474p-7,0x1.297d527f5f4p-8:event=0x1.34ab2c30866ap-3,0x1.16b20389a008p-5:domain=0x1.dcp-44,0x0p+0:spread=0x0p+0
put-cash-both	unavailable	-	accuracy:space=0x1.aacce15996bp-5,0x1.f2b578b0234p-6:time=0x1.352fb042494p-7,0x1.363e692b858p-8:event=0x1.ef665ebd681cp-3,0x1.9db5598b70dp-5:domain=0x1.418f4p-31,0x0p+0:spread=0x0p+0
put-cash-joint	unavailable	-	accuracy:space=0x1.aacce15996bp-5,0x1.f2b578b0234p-6:time=0x1.352fb042494p-7,0x1.363e692b858p-8:event=0x1.ef665ebd681cp-3,0x1.9db5598b70dp-5:domain=0x1.418f4p-31,0x0p+0:spread=0x0p+0
put-zero-cash	unavailable	-	accuracy:space=0x1.437e66a03975p-2,0x1.2fe4f2080828p-4:time=0x1.37cba8b945cp-7,0x1.38cdde25df4p-8:event=0x1.70874b01b588p-3,0x1.8479c8f898ep-5:domain=0x1.5315ap-30,0x0p+0:spread=0x0p+0
put-negative-rate	unavailable	-	accuracy:space=0x1.59c4e881e44cp-2,0x1.39171c53f6c8p-4:time=0x1.53b497fc788p-8,0x1.54369f4df1p-9:event=0x0p+0,0x0p+0:domain=0x1.1abcp-34,0x0p+0:spread=0x0p+0
call-negative-rate	unavailable	-	accuracy:space=0x1.65a0efdba13bp-2,0x1.3388282ff5e8p-4:time=0x1.0916345a998p-7,0x1.09ee3236bb8p-8:event=0x0p+0,0x0p+0:domain=0x1.9a1p-38,0x0p+0:spread=0x0p+0
put-low-vol	unavailable	-	accuracy:space=0x1.c231ef142383p-2,0x1.1682ff9a3fe02p-1:time=0x1.1ad0dc3db38p-9,0x1.1bec2044dap-10:event=0x0p+0,0x0p+0:domain=0x0p+0,0x0p+0:spread=0x0p+0
put-short	unavailable	-	accuracy:space=0x1.87ef0b8a1c4cep-2,0x1.82eab652c3d9ap-2:time=0x1.515f5fb357p-10,0x1.523b0e26438p-11:event=0x0p+0,0x0p+0:domain=0x0p+0,0x0p+0:spread=0x0p+0
put-liquidator	estimated	0x1.f3593fd84926ep+0	backward-Euler-Bermudan-v1:steps=3968:rows=3715031:map=18:roundoff=0x1.6385885085746p-43
cash-negative-rate	unavailable	-	accuracy:space=0x1.b2d52a1ffp-13,0x1.10aa54f4b2cp-5:time=0x1.3b467e6efdp-8,0x1.3bdea27c49p-9:event=0x1.6daf96838958p-3,0x1.720e2730295p-5:domain=0x1.6f8p-36,0x0p+0:spread=0x0p+0
