ordinary	0x0p+0	finite	0x1.aa4850a1f07b4p+3	0x1p+0
ordinary	0x1.999999999999ap-5	finite	0x1.aa4850a1f07b7p+3	0x1p+0
ordinary	-0x1.999999999999ap-5	finite	0x1.aa4850a1f07b1p+3	0x1p+0
reverse	0x0p+0	finite	0x1.dbda9d04e3bc8p+2	0x1p+0
reverse	0x1.999999999999ap-5	finite	0x1.dbda9d04e3bcbp+2	0x1p+0
reverse	-0x1.999999999999ap-5	finite	0x1.dbda9d04e3bcbp+2	0x1p+0
equal-assets	0x0p+0	finite	0x1.67e19eece44p+3	0x1p+0
equal-assets	0x1.999999999999ap-5	finite	0x1.67e19eece43ffp+3	0x1p+0
equal-assets	-0x1.999999999999ap-5	finite	0x1.67e19eece43fep+3	0x1p+0
correlation-3	0x0p+0	finite	0x1.fb431ba24906p+3	0x1p+0
correlation-3	0x1.999999999999ap-5	finite	0x1.fb431ba24905dp+3	0x1p+0
correlation-3	-0x1.999999999999ap-5	finite	0x1.fb431ba24905ep+3	0x1p+0
correlation-4	0x0p+0	finite	0x1.fb431ba249064p+3	0x1p+0
correlation-4	0x1.999999999999ap-5	finite	0x1.fb431ba249061p+3	0x1p+0
correlation-4	-0x1.999999999999ap-5	finite	0x1.fb431ba249063p+3	0x1p+0
correlation-5	0x0p+0	finite	0x1.fb431ba24906p+3	0x1p+0
correlation-5	0x1.999999999999ap-5	finite	0x1.fb431ba24905dp+3	0x1p+0
correlation-5	-0x1.999999999999ap-5	finite	0x1.fb431ba24905ep+3	0x1p+0
correlation-6	0x0p+0	finite	0x1.fdcbdb70c331p+2	0x1p+0
correlation-6	0x1.999999999999ap-5	finite	0x1.fdcbdb70c330dp+2	0x1p+0
correlation-6	-0x1.999999999999ap-5	finite	0x1.fdcbdb70c3309p+2	0x1p+0
correlation-7	0x0p+0	finite	0x1.3bdc38d4f4be4p+4	0x1p+0
correlation-7	0x1.999999999999ap-5	finite	0x1.3bdc38d4f4be3p+4	0x1p+0
correlation-7	-0x1.999999999999ap-5	finite	0x1.3bdc38d4f4be2p+4	0x1p+0
correlation-8	0x0p+0	finite	0x1.fb431ba24906p+3	0x1p+0
correlation-8	0x1.999999999999ap-5	finite	0x1.fb431ba24905dp+3	0x1p+0
correlation-8	-0x1.999999999999ap-5	finite	0x1.fb431ba24905ep+3	0x1p+0
correlation-9	0x0p+0	finite	0x1.fb431ba24906p+3	0x1p+0
correlation-9	0x1.999999999999ap-5	finite	0x1.fb431ba24905dp+3	0x1p+0
correlation-9	-0x1.999999999999ap-5	finite	0x1.fb431ba24905ep+3	0x1p+0
correlation-10	0x0p+0	finite	0x1.fb431ba24906p+3	0x1p+0
correlation-10	0x1.999999999999ap-5	finite	0x1.fb431ba24905dp+3	0x1p+0
correlation-10	-0x1.999999999999ap-5	finite	0x1.fb431ba24905ep+3	0x1p+0
correlation-11	0x0p+0	finite	0x1.fdcbdb70c331p+2	0x1p+0
correlation-11	0x1.999999999999ap-5	finite	0x1.fdcbdb70c330dp+2	0x1p+0
correlation-11	-0x1.999999999999ap-5	finite	0x1.fdcbdb70c3309p+2	0x1p+0
correlation-12	0x0p+0	finite	0x1.3bdc38d4f4be4p+4	0x1p+0
correlation-12	0x1.999999999999ap-5	finite	0x1.3bdc38d4f4be3p+4	0x1p+0
correlation-12	-0x1.999999999999ap-5	finite	0x1.3bdc38d4f4be2p+4	0x1p+0
correlation-13	0x0p+0	finite	0x1.67e19eece44p+3	0x1p+0
correlation-13	0x1.999999999999ap-5	finite	0x1.67e19eece43ffp+3	0x1p+0
correlation-13	-0x1.999999999999ap-5	finite	0x1.67e19eece43fep+3	0x1p+0
correlation-14	0x0p+0	finite	0x1.67e19eece44p+3	0x1p+0
correlation-14	0x1.999999999999ap-5	finite	0x1.67e19eece43fbp+3	0x1p+0
correlation-14	-0x1.999999999999ap-5	finite	0x1.67e19eece43f9p+3	0x1p+0
correlation-15	0x0p+0	finite	0x1.67e19eece44p+3	0x1p+0
correlation-15	0x1.999999999999ap-5	finite	0x1.67e19eece43ffp+3	0x1p+0
correlation-15	-0x1.999999999999ap-5	finite	0x1.67e19eece43fep+3	0x1p+0
correlation-16	0x0p+0	finite	0x1.fdcbdb70c331p+2	0x1p+0
correlation-16	0x1.999999999999ap-5	finite	0x1.fdcbdb70c330dp+2	0x1p+0
correlation-16	-0x1.999999999999ap-5	finite	0x1.fdcbdb70c3309p+2	0x1p+0
correlation-17	0x0p+0	finite	0x1.c9cf1e9626438p+3	0x1p+0
correlation-17	0x1.999999999999ap-5	finite	0x1.c9cf1e9626438p+3	0x1p+0
correlation-17	-0x1.999999999999ap-5	finite	0x1.c9cf1e962643cp+3	0x1p+0
correlation-18	0x0p+0	finite	0x1.3f2762p-23	0x1p+0
correlation-18	0x1.999999999999ap-5	finite	0x1.3f276258b6cc3p-23	0x1p+0
correlation-18	-0x1.999999999999ap-5	finite	0x1.3f27629b043a4p-23	0x1p+0
correlation-19	0x0p+0	finite	0x1.3f2762p-23	0x1p+0
correlation-19	0x1.999999999999ap-5	finite	0x1.3f276258b6cc3p-23	0x1p+0
correlation-19	-0x1.999999999999ap-5	finite	0x1.3f27629b043a4p-23	0x1p+0
correlation-20	0x0p+0	nonfinite	nan	0x1p+0
correlation-20	0x1.999999999999ap-5	nonfinite	nan	0x1p+0
correlation-20	-0x1.999999999999ap-5	nonfinite	nan	0x1p+0
correlation-21	0x0p+0	finite	0x1.fdcbdb70c331p+2	0x1p+0
correlation-21	0x1.999999999999ap-5	finite	0x1.fdcbdb70c330dp+2	0x1p+0
correlation-21	-0x1.999999999999ap-5	finite	0x1.fdcbdb70c3309p+2	0x1p+0
correlation-22	0x0p+0	finite	0x1.fe6ef53bb5dap+1	0x1p+0
correlation-22	0x1.999999999999ap-5	finite	0x1.fe6ef53bb5dbap+1	0x1p+0
correlation-22	-0x1.999999999999ap-5	finite	0x1.fe6ef53bb5dbp+1	0x1p+0
correlation-23	0x0p+0	nonfinite	nan	0x1p+0
correlation-23	0x1.999999999999ap-5	nonfinite	nan	0x1p+0
correlation-23	-0x1.999999999999ap-5	nonfinite	nan	0x1p+0
correlation-24	0x0p+0	nonfinite	nan	0x1p+0
correlation-24	0x1.999999999999ap-5	nonfinite	nan	0x1p+0
correlation-24	-0x1.999999999999ap-5	nonfinite	nan	0x1p+0
correlation-25	0x0p+0	nonfinite	nan	0x1p+0
correlation-25	0x1.999999999999ap-5	nonfinite	nan	0x1p+0
correlation-25	-0x1.999999999999ap-5	nonfinite	nan	0x1p+0
correlation-26	0x0p+0	finite	0x1.fdcbdb70c331p+2	0x1p+0
correlation-26	0x1.999999999999ap-5	finite	0x1.fdcbdb70c330dp+2	0x1p+0
correlation-26	-0x1.999999999999ap-5	finite	0x1.fdcbdb70c3309p+2	0x1p+0
correlation-27	0x0p+0	finite	0x1.fe6ef53bb5dap+1	0x1p+0
correlation-27	0x1.999999999999ap-5	finite	0x1.fe6ef53bb5dbap+1	0x1p+0
correlation-27	-0x1.999999999999ap-5	finite	0x1.fe6ef53bb5dbp+1	0x1p+0
expiry-28	0x0p+0	finite	0x0p+0	0x0p+0
expiry-28	0x1.999999999999ap-5	finite	0x0p+0	0x0p+0
expiry-28	-0x1.999999999999ap-5	finite	0x0p+0	0x0p+0
expiry-29	0x0p+0	finite	0x0p+0	0x0p+0
expiry-29	0x1.999999999999ap-5	finite	0x0p+0	0x0p+0
expiry-29	-0x1.999999999999ap-5	finite	0x0p+0	0x0p+0
expiry-30	0x0p+0	finite	0x0p+0	0x0p+0
expiry-30	0x1.999999999999ap-5	finite	0x0p+0	0x0p+0
expiry-30	-0x1.999999999999ap-5	finite	0x0p+0	0x0p+0
expiry-31	0x0p+0	finite	0x0p+0	0x0p+0
expiry-31	0x1.999999999999ap-5	finite	0x0p+0	0x0p+0
expiry-31	-0x1.999999999999ap-5	finite	0x0p+0	0x0p+0
expiry-32	0x0p+0	finite	0x0p+0	0x0p+0
expiry-32	0x1.999999999999ap-5	finite	0x0p+0	0x0p+0
expiry-32	-0x1.999999999999ap-5	finite	0x0p+0	0x0p+0
expiry-33	0x0p+0	finite	0x0p+0	0x0p+0
expiry-33	0x1.999999999999ap-5	finite	0x0p+0	0x0p+0
expiry-33	-0x1.999999999999ap-5	finite	0x0p+0	0x0p+0
zero-receive	0x0p+0	finite	0x0p+0	0x1p+0
zero-receive	0x1.999999999999ap-5	finite	0x0p+0	0x1p+0
zero-receive	-0x1.999999999999ap-5	finite	0x0p+0	0x1p+0
zero-deliver	0x0p+0	finite	0x1.8c051a5ca12a6p+6	0x1p+0
zero-deliver	0x1.999999999999ap-5	finite	0x1.8c051a5ca12a6p+6	0x1p+0
zero-deliver	-0x1.999999999999ap-5	finite	0x1.8c051a5ca12a6p+6	0x1p+0
zero-variance	0x0p+0	finite	0x1.78b6043efd3ap+2	0x1p+0
zero-variance	0x1.999999999999ap-5	finite	0x1.78b6043efd3a2p+2	0x1p+0
zero-variance	-0x1.999999999999ap-5	finite	0x1.78b6043efd39fp+2	0x1p+0
zero-variance-atm	0x0p+0	nonfinite	nan	0x1p+0
zero-variance-atm	0x1.999999999999ap-5	nonfinite	nan	0x1p+0
zero-variance-atm	-0x1.999999999999ap-5	nonfinite	nan	0x1p+0
currency--1000	0x0p+0	finite	0x1.10d21f1ff6118p-1003	0x1p+0
currency--1000	0x1.999999999999ap-5	finite	0x1.10d21f1ff6118p-1003	0x1p+0
currency--1000	-0x1.999999999999ap-5	finite	0x1.10d21f1ff611ap-1003	0x1p+0
currency--500	0x0p+0	finite	0x1.10d21f1ff6118p-503	0x1p+0
currency--500	0x1.999999999999ap-5	finite	0x1.10d21f1ff6118p-503	0x1p+0
currency--500	-0x1.999999999999ap-5	finite	0x1.10d21f1ff611ap-503	0x1p+0
currency-500	0x0p+0	finite	0x1.10d21f1ff6118p+497	0x1p+0
currency-500	0x1.999999999999ap-5	finite	0x1.10d21f1ff6118p+497	0x1p+0
currency-500	-0x1.999999999999ap-5	finite	0x1.10d21f1ff611ap+497	0x1p+0
currency-1000	0x0p+0	finite	0x1.10d21f1ff6118p+997	0x1p+0
currency-1000	0x1.999999999999ap-5	finite	0x1.10d21f1ff6118p+997	0x1p+0
currency-1000	-0x1.999999999999ap-5	finite	0x1.10d21f1ff611ap+997	0x1p+0
time-42	0x0p+0	excluded	input-or-date-mapping
time-42	0x1.999999999999ap-5	excluded	input-or-date-mapping
time-42	-0x1.999999999999ap-5	excluded	input-or-date-mapping
time-43	0x0p+0	excluded	input-or-date-mapping
time-43	0x1.999999999999ap-5	excluded	input-or-date-mapping
time-43	-0x1.999999999999ap-5	excluded	input-or-date-mapping
time-44	0x0p+0	finite	0x1.dcf853712b91p+2	0x1p-1
time-44	0x1.999999999999ap-5	finite	0x1.dcf853712b90fp+2	0x1p-1
time-44	-0x1.999999999999ap-5	finite	0x1.dcf853712b909p+2	0x1p-1
time-45	0x0p+0	finite	0x1.dae4d5fcf2998p+3	0x1p+1
time-45	0x1.999999999999ap-5	finite	0x1.dae4d5fcf299dp+3	0x1p+1
time-45	-0x1.999999999999ap-5	finite	0x1.dae4d5fcf2997p+3	0x1p+1
volatility-46	0x0p+0	nonfinite	nan	0x1p+0
volatility-46	0x1.999999999999ap-5	nonfinite	nan	0x1p+0
volatility-46	-0x1.999999999999ap-5	nonfinite	nan	0x1p+0
volatility-47	0x0p+0	finite	0x0p+0	0x1p+0
volatility-47	0x1.999999999999ap-5	finite	0x0p+0	0x1p+0
volatility-47	-0x1.999999999999ap-5	finite	0x0p+0	0x1p+0
volatility-48	0x0p+0	finite	0x0p+0	0x1p+0
volatility-48	0x1.999999999999ap-5	finite	0x0p+0	0x1p+0
volatility-48	-0x1.999999999999ap-5	finite	0x0p+0	0x1p+0
volatility-49	0x0p+0	finite	0x1.8ffffffffffffp+6	0x1p+0
volatility-49	0x1.999999999999ap-5	finite	0x1.8ffffffffffffp+6	0x1p+0
volatility-49	-0x1.999999999999ap-5	finite	0x1.8ffffffffffffp+6	0x1p+0
negative-yield	0x0p+0	finite	0x1.2ba2666d7f31cp+3	0x1p+0
negative-yield	0x1.999999999999ap-5	finite	0x1.2ba2666d7f31cp+3	0x1p+0
negative-yield	-0x1.999999999999ap-5	finite	0x1.2ba2666d7f31dp+3	0x1p+0
discount-overflow	0x0p+0	nonfinite	nan	0x1p+0
discount-overflow	0x1.999999999999ap-5	nonfinite	nan	0x1p+0
discount-overflow	-0x1.999999999999ap-5	nonfinite	nan	0x1p+0
carry-cancellation	0x0p+0	nonfinite	nan	0x1p+0
carry-cancellation	0x1.999999999999ap-5	nonfinite	nan	0x1p+0
carry-cancellation	-0x1.999999999999ap-5	nonfinite	nan	0x1p+0
deep-otm	0x0p+0	finite	0x1.fc3e969f1a08p-499	0x1p+0
deep-otm	0x1.999999999999ap-5	finite	0x1.fc3e969f1a0b8p-499	0x1p+0
deep-otm	-0x1.999999999999ap-5	finite	0x1.fc3e969f1a07fp-499	0x1p+0
deep-itm	0x0p+0	finite	0x1.ee88e9cd5abd4p+9	0x1p+0
deep-itm	0x1.999999999999ap-5	finite	0x1.ee88e9cd5abd2p+9	0x1p+0
deep-itm	-0x1.999999999999ap-5	finite	0x1.ee88e9cd5abd4p+9	0x1p+0
exact-only	0x0p+0	finite	0x1.aa4850a1f07b4p+3	0x1p+0
exact-only	0x1.999999999999ap-5	finite	0x1.aa4850a1f07b7p+3	0x1p+0
exact-only	-0x1.999999999999ap-5	finite	0x1.aa4850a1f07b1p+3	0x1p+0
demanding-limit	0x0p+0	finite	0x1.aa4850a1f07b4p+3	0x1p+0
demanding-limit	0x1.999999999999ap-5	finite	0x1.aa4850a1f07b7p+3	0x1p+0
demanding-limit	-0x1.999999999999ap-5	finite	0x1.aa4850a1f07b1p+3	0x1p+0
invalid-57	0x0p+0	excluded	input-or-date-mapping
invalid-57	0x1.999999999999ap-5	excluded	input-or-date-mapping
invalid-57	-0x1.999999999999ap-5	excluded	input-or-date-mapping
invalid-58	0x0p+0	excluded	input-or-date-mapping
invalid-58	0x1.999999999999ap-5	excluded	input-or-date-mapping
invalid-58	-0x1.999999999999ap-5	excluded	input-or-date-mapping
invalid-59	0x0p+0	excluded	input-or-date-mapping
invalid-59	0x1.999999999999ap-5	excluded	input-or-date-mapping
invalid-59	-0x1.999999999999ap-5	excluded	input-or-date-mapping
invalid-60	0x0p+0	excluded	input-or-date-mapping
invalid-60	0x1.999999999999ap-5	excluded	input-or-date-mapping
invalid-60	-0x1.999999999999ap-5	excluded	input-or-date-mapping
invalid-61	0x0p+0	excluded	input-or-date-mapping
invalid-61	0x1.999999999999ap-5	excluded	input-or-date-mapping
invalid-61	-0x1.999999999999ap-5	excluded	input-or-date-mapping
invalid-62	0x0p+0	excluded	input-or-date-mapping
invalid-62	0x1.999999999999ap-5	excluded	input-or-date-mapping
invalid-62	-0x1.999999999999ap-5	excluded	input-or-date-mapping
invalid-63	0x0p+0	excluded	input-or-date-mapping
invalid-63	0x1.999999999999ap-5	excluded	input-or-date-mapping
invalid-63	-0x1.999999999999ap-5	excluded	input-or-date-mapping
invalid-64	0x0p+0	finite	0x1.aa4850a1f07b4p+3	0x1p+0
invalid-64	0x1.999999999999ap-5	finite	0x1.aa4850a1f07b7p+3	0x1p+0
invalid-64	-0x1.999999999999ap-5	finite	0x1.aa4850a1f07b1p+3	0x1p+0
invalid-65	0x0p+0	finite	0x1.aa4850a1f07b4p+3	0x1p+0
invalid-65	0x1.999999999999ap-5	finite	0x1.aa4850a1f07b7p+3	0x1p+0
invalid-65	-0x1.999999999999ap-5	finite	0x1.aa4850a1f07b1p+3	0x1p+0
